{
	"powers": [
		"fungal_mage:advancements/advancements",
		"fungal_mage:hop",
		"fungal_mage:dash",
		"fungal_mage:boost",
		"fungal_mage:pew",
		"fungal_mage:drain",
		"fungal_mage:start",
		"fungal_mage:replenish",
		"fungal_mage:replenishoffhand",
		"fungal_mage:empty",
		"fungal_mage:fungus",
		"fungal_mage:detrimental",
		"fungal_mage:fall_immunity",
		"fungal_mage:infestation",
		"fungal_mage:particles",
		"fungal_mage:my",
		"fungal_mage:mushroom_attributes",
		"fungal_mage:turncrim",
		"fungal_mage:speed",
		"fungal_mage:stew",
		"fungal_mage:ride",
		"fungal_mage:glowy",
		"fungal_mage:gaias_frequency",
		"fungal_mage:craftbun",
		"fungal_mage:relics/relics_desc",
		"fungal_mage:relics/magi_mushroom",
		"fungal_mage:relics/clock",
		"fungal_mage:relics/honeycomb",
		"fungal_mage:relics/fire_charge",
		"fungal_mage:relics/heart_of_the_sea",
		"fungal_mage:credits"
	],
	"icon": {
		"item": "minecraft:red_mushroom_block",
		"tag": "{Enchantments:[{}]}"
	},
	"order": 1,
	"impact": 2,
	"name": "Fungal Mage",
	"description": "An explorer keen on knowledge and adventure, fit to travel the under and overworlds."
}