{
    "__comment": "Made with TheDestruc7i0n's advancements generator: https://advancements.thedestruc7i0n.ca",
    "display": {
        "title": {
            "text": "Enlarged Cap Simulation",
            "color": "red"
        },
        "description": {
            "text": "Simulate an enlarged cap with a slow falling potion."
        },
        "icon": {
            "item": "minecraft:splash_potion",
            "nbt": "{Potion:\"minecraft:empty\",CustomPotionColor:16768987}"
        },
        "frame": "task",
        "show_toast": true,
        "announce_to_chat": true,
        "hidden": true
    },
    "criteria": {
        "no": {
            "trigger": "minecraft:impossible"
        }
    },
    "rewards": {
        "experience": 0
    },
    "parent": "fungal_mage:wind_catching_cloak"
}