{
    "__comment": "Made with TheDestruc7i0n's advancements generator: https://advancements.thedestruc7i0n.ca",
    "display": {
        "title": {
            "text": "Exhausted",
            "color": "red"
        },
        "description": {
            "text": "Go to sleep with 0 Fungus Mana and 3 or less hunger shanks."
        },
        "icon": {
            "item": "minecraft:red_bed"
        },
        "frame": "task",
        "show_toast": true,
        "announce_to_chat": true,
        "hidden": true
    },
    "criteria": {
        "no": {
            "trigger": "minecraft:impossible"
        }
    },
    "rewards": {
        "experience": 0
    },
    "parent": "fungal_mage:running_on_empty"
}