{
    "__comment": "Made with TheDestruc7i0n's advancements generator: https://advancements.thedestruc7i0n.ca",
    "display": {
        "title": {
            "text": "Groggy Walker",
            "color": "red"
        },
        "description": {
            "text": "Mount the square-headed lava surfers of the underworld."
        },
        "icon": {
            "item": "minecraft:warped_fungus_on_a_stick"
        },
        "frame": "task",
        "show_toast": true,
        "announce_to_chat": true,
        "hidden": true
    },
    "criteria": {
        "no": {
            "trigger": "minecraft:impossible"
        }
    },
    "rewards": {
        "experience": 0
    },
    "parent": "fungal_mage:inferior_steed"
}