{
  "__comment": "Made with TheDestruc7i0n's advancements generator: https://advancements.thedestruc7i0n.ca",
  "display": {
      "title": {
          "text": "Forgotten Relation",
          "color": "dark_purple"
      },
      "description": {
          "text": "Consume the chorus fruit; an offshoot fungi, lost to the end."
      },
      "icon": {
          "item": "minecraft:chorus_fruit"
      },
      "frame": "challenge",
      "show_toast": true,
      "announce_to_chat": true,
      "hidden": true
  },
  "criteria": {
      "no": {
          "trigger": "minecraft:impossible"
      }
  },
  "rewards": {
      "experience": 100
  },
  "parent": "fungal_mage:other_fungi"
}