{
    "__comment": "Made with TheDestruc7i0n's advancements generator: https://advancements.thedestruc7i0n.ca",
    "display": {
        "title": {
            "text": "Mystic Mycology",
            "color": "red"
        },
        "description": {
            "text": "Absorb the magic energy of fungi."
        },
        "icon": {
            "item": "minecraft:brown_mushroom"
        },
        "frame": "task",
        "show_toast": true,
        "announce_to_chat": true,
        "hidden": true
    },
    "criteria": {
        "no": {
            "trigger": "minecraft:impossible"
        }
    },
    "rewards": {
        "experience": 0
    },
    "parent": "fungal_mage:absorption"
}