{
    "display": {
        "title": {
            "text": "Time for An Adventure!",
            "color": "dark_purple",
            "strikethrough": false
        },
        "description": {
            "text": "Become a Fungal Mage: a magical mushroom that explores the realms of the over and underworld!"
        },
        "icon": {
            "item": "minecraft:red_mushroom_block",
            "nbt": "{Enchantments:[{}]}"
        },
        "frame": "task",
        "show_toast": true,
        "announce_to_chat": true,
        "hidden": false,
        "background": "minecraft:textures/block/coarse_dirt.png"
    },
    "criteria": {
        "chose_phantom": {
            "trigger": "origins:chose_origin",
            "conditions": {
                "origin": "fungal_mage:fungal_mage"
            }
        
        }
    }
}