{
    "__comment": "Made with TheDestruc7i0n's advancements generator: https://advancements.thedestruc7i0n.ca",
    "display": {
        "title": {
            "text": "Sporecaster",
            "color": "red"
        },
        "description": {
            "text": "Infuse spores with magic and shoot them, teleporting to them when they stop."
        },
        "icon": {
            "item": "minecraft:stick",
            "nbt": "{Enchantments:[{}]}"
        },
        "frame": "task",
        "show_toast": true,
        "announce_to_chat": true,
        "hidden": true
    },
    "criteria": {
        "no": {
            "trigger": "minecraft:impossible"
        }
    },
    "rewards": {
        "experience": 0
    },
    "parent": "fungal_mage:spore_clouds"
}