{
  "__comment": "Made with TheDestruc7i0n's advancements generator: https://advancements.thedestruc7i0n.ca",
  "display": {
      "title": {
          "text": "And You Can Cook?",
      "color": "red"
      },
      "description": {
          "text": "Eat a delicious soup that will feed not only you, but your Fungus Mana as well."
      },
      "icon": {
          "item": "minecraft:mushroom_stew"
      },
      "frame": "task",
    "show_toast": true,
    "announce_to_chat": true,
    "hidden": true
  },
  "criteria": {
      "no": {
          "trigger": "minecraft:impossible"
      }
  },
  "rewards": {
      "experience": 0
  },
  "parent": "fungal_mage:other_fungi"
}