{
    "__comment": "Made with TheDestruc7i0n's advancements generator: https://advancements.thedestruc7i0n.ca",
    "display": {
        "title": {
            "text": "You Made It!",
            "color": "red"
        },
        "description": {
            "text": "Visit your birthplace; the mushroom islands."
        },
        "icon": {
            "item": "minecraft:mushroom_stem"
        },
        "frame": "challenge",
        "show_toast": true,
        "announce_to_chat": false,
        "hidden": true
    },
    "criteria": {
        "no": {
            "trigger": "minecraft:impossible"
        }
    },
    "rewards": {
        "experience": 60
    },
    "parent": "fungal_mage:root"
}