{
    "__comment": "Made with TheDestruc7i0n's advancements generator: https://advancements.thedestruc7i0n.ca",
    "display": {
        "title": {
            "text": "Wind-Catching Cloak",
            "color": "red"
        },
        "description": {
            "text": "Equip an Elytra and upgrade your traveling speeds."
        },
        "icon": {
            "item": "minecraft:elytra",
            "nbt": "{Enchantments:[{}]}"
        },
        "frame": "task",
        "show_toast": true,
        "announce_to_chat": true,
        "hidden": true
    },
    "criteria": {
        "no": {
            "trigger": "minecraft:impossible"
        }
    },
    "rewards": {
        "experience": 0
    },
    "parent": "fungal_mage:exhausted_rest"
}