{
  "type": "origins:multiple",
  "activating_jump": {
    "type": "origins:active_self",
    "key": {
      "key": "key.origins.primary_active"
    },
    "cooldown": 40,
    "hud_render": {
      "should_render": true,
      "sprite_location": "origins:textures/gui/community/spiderkolo/resource_bar_03.png",
      "bar_index": 16
    },
    "condition": {
      "type": "origins:and",
      "conditions": [
        {
          "type": "origins:on_block",
          "inverted": true
        },
        {
          "type": "origins:resource",
          "resource": "fungal_mage:fungus",
          "comparison": ">=",
          "compare_to": 20
        },
        {
          "type": "origins:fluid_height",
          "fluid": "minecraft:water",
          "comparison": "==",
          "compare_to": 0
        },
        {
          "type": "origins:gamemode",
          "gamemode": "creative",
          "inverted": true
        },
        {
          "type": "origins:gamemode",
          "gamemode": "spectator",
          "inverted": true
        },
        {
          "type": "origins:fall_flying"
        },
        {
          "type": "origins:sneaking",
          "inverted": true
        },
        {
          "type": "origins:fluid_height",
          "fluid": "minecraft:lava",
          "comparison": "==",
          "compare_to": 0
        }
      ]
    },
    "entity_action": {
      "type": "origins:and",
      "actions": [
        {
          "type": "origins:add_velocity",
          "space": "local",
          "z": 1
        },
        {
          "type": "origins:play_sound",
          "sound": "minecraft:entity.firework_rocket.large_blast_far",
          "volume": 1,
          "pitch": 2
        },
        {
          "type": "origins:play_sound",
          "sound": "minecraft:entity.firework_rocket.launch",
          "volume": 1,
          "pitch": 1.4007
        },
        {
          "type": "origins:play_sound",
          "sound": "minecraft:entity.husk.converted_to_zombie",
          "volume": 1,
          "pitch": 1.6007
        },
        {
          "type": "origins:execute_command",
          "command": "resource change @s fungal_mage:fungus -20"
        },
        {
          "type": "origins:execute_command",
          "command": "execute at @s run particle minecraft:crimson_spore ~ ~ ~ 0.9 1 0.9 1 100"
        },
        {
          "type": "origins:execute_command",
          "command": "execute at @s run particle minecraft:enchant ~ ~ ~ 0.9 1 0.9 1 100"
        },
        {
          "type": "origins:execute_command",
          "command": "execute at @s run particle minecraft:falling_dust red_mushroom_block ~ ~ ~ 0.9 1 0.9 1 100"
        },
        {
          "type": "origins:execute_command",
          "command": "execute at @s run particle minecraft:flame ~ ~ ~ 0.3 0 0.3 0.2 20"
        }
      ]
    }
  },
  "disable": {
    "type": "origins:active_self",
    "cooldown": 20,
    "hud_render": {
      "should_render": false
    },
    "key": {
      "key": "key.origins.primary_active"
    },
    "entity_action": {
      "type": "origins:and",
      "actions": [
        {
          "type": "origins:play_sound",
          "sound": "minecraft:block.gilded_blackstone.break",
          "volume": 1,
          "pitch": 0.1
        },
        {
          "type": "origins:play_sound",
          "sound": "minecraft:block.glass.break",
          "volume": 1,
          "pitch": 2
        },
        {
          "type": "origins:grant_power",
          "power": "fungal_mage:stop",
          "source": "fungal_mage:boost"
        },
        {
          "type": "origins:delay",
          "ticks": 10,
          "action": {
            "type": "origins:revoke_power",
            "power": "fungal_mage:stop",
            "source": "fungal_mage:boost"
          }
        },
        {
          "type": "origins:execute_command",
          "command": "resource change @s fungal_mage:fungus -5"
        },
        {
          "type": "origins:execute_command",
          "command": "particle minecraft:enchant ~ ~0.9 ~ 0.5 0 0.5 1 10 normal"
        },
        {
          "type": "origins:execute_command",
          "command": "particle minecraft:falling_dust red_mushroom_block ~ ~0.9 ~ 0.5 0 0.5 1 10 normal"
        },
        {
          "type": "origins:execute_command",
          "command": "particle minecraft:block red_mushroom_block ~ ~0.9 ~ 0.5 0 0.5 1 10 normal"
        },
        {
          "type": "origins:execute_command",
          "command": "particle minecraft:mycelium ~ ~0.9 ~ 0.5 0 0.5 1 10 normal"
        }
      ]
    },
    "condition": {
      "type": "origins:and",
      "conditions": [
        {
          "type": "origins:on_block",
          "inverted": true
        },
        {
          "type": "origins:resource",
          "resource": "fungal_mage:fungus",
          "comparison": ">=",
          "compare_to": 5
        },
        {
          "type": "origins:fluid_height",
          "fluid": "minecraft:water",
          "comparison": "==",
          "compare_to": 0
        },
        {
          "type": "origins:gamemode",
          "gamemode": "creative",
          "inverted": true
        },
        {
          "type": "origins:gamemode",
          "gamemode": "spectator",
          "inverted": true
        },
        {
          "type": "origins:fall_flying"
        },
        {
          "type": "origins:sneaking"
        },
        {
          "type": "origins:fluid_height",
          "fluid": "minecraft:lava",
          "comparison": "==",
          "compare_to": 0
        }
      ]
    }
  },
  "hidden": true
}