{
	"name": "Bookworm",
	"description": "You can craft mushroom blocks and bundles, ride mooshrooms, and you can brew up a killer mushroom stew.",
	"type": "origins:multiple",
	"bundle1": {
		"type": "origins:recipe",
		"recipe": {
			"id": "fungal_mage:craftbun",
			"type": "minecraft:crafting_shaped",
			"pattern": [
				"#S"
			],
			"key": {
				"#": {
					"item": "minecraft:leather"
				},
				"S": {
					"item": "minecraft:string"
				}
			},
			"result": {
				"item": "minecraft:bundle",
				"count": 1
			}
		}
	},
	"bundle2": {
		"type": "origins:recipe",
		"recipe": {
			"id": "fungal_mage:craftbun2",
			"type": "minecraft:crafting_shaped",
			"pattern": [
				"#S"
			],
			"key": {
				"#": {
					"item": "minecraft:rabbit_hide"
				},
				"S": {
					"item": "minecraft:string"
				}
			},
			"result": {
				"item": "minecraft:bundle",
				"count": 1
			}
		}
	},
	"stew1": {
		"type": "origins:recipe",
		"recipe": {
			"id": "fungal_mage:stew1",
			"type": "minecraft:crafting_shapeless",
			"ingredients": [
				{
					"item": "minecraft:crimson_fungus"
				},
				{
					"item": "minecraft:warped_fungus"
				},
				{
					"item": "minecraft:bowl"
				}
			],
			"result": {
				"item": "minecraft:mushroom_stew"
			}
		}
	},
	"stew2": {
		"type": "origins:recipe",
		"recipe": {
			"id": "fungal_mage:stew2",
			"type": "minecraft:crafting_shapeless",
			"ingredients": [
				{
					"item": "minecraft:brown_mushroom"
				},
				{
					"item": "minecraft:warped_fungus"
				},
				{
					"item": "minecraft:bowl"
				}
			],
			"result": {
				"item": "minecraft:mushroom_stew"
			}
		}
	},
	"stew3": {
		"type": "origins:recipe",
		"recipe": {
			"id": "fungal_mage:stew3",
			"type": "minecraft:crafting_shapeless",
			"ingredients": [
				{
					"item": "minecraft:red_mushroom"
				},
				{
					"item": "minecraft:warped_fungus"
				},
				{
					"item": "minecraft:bowl"
				}
			],
			"result": {
				"item": "minecraft:mushroom_stew"
			}
		}
	},
	"stew4": {
		"type": "origins:recipe",
		"recipe": {
			"id": "fungal_mage:stew4",
			"type": "minecraft:crafting_shapeless",
			"ingredients": [
				{
					"item": "minecraft:crimson_fungus"
				},
				{
					"item": "minecraft:brown_mushroom"
				},
				{
					"item": "minecraft:bowl"
				}
			],
			"result": {
				"item": "minecraft:mushroom_stew"
			}
		}
	},
	"stew5": {
		"type": "origins:recipe",
		"recipe": {
			"id": "fungal_mage:stew5",
			"type": "minecraft:crafting_shapeless",
			"ingredients": [
				{
					"item": "minecraft:crimson_fungus"
				},
				{
					"item": "minecraft:red_mushroom"
				},
				{
					"item": "minecraft:bowl"
				}
			],
			"result": {
				"item": "minecraft:mushroom_stew"
			}
		}
	},
	"block": {
		"type": "origins:recipe",
		"recipe": {
			"id": "fungal_mage:block",
			"type": "minecraft:crafting_shaped",
			"pattern": [
				"##",
				"##"
			],
			"key": {
				"#": {
					"item": "minecraft:red_mushroom"
				}
			},
			"result": {
				"item": "minecraft:red_mushroom_block",
				"count": 1
			}
		}
	},
	"block2": {
		"type": "origins:recipe",
		"recipe": {
			"id": "fungal_mage:block2",
			"type": "minecraft:crafting_shaped",
			"pattern": [
				"##",
				"##"
			],
			"key": {
				"#": {
					"item": "minecraft:brown_mushroom"
				}
			},
			"result": {
				"item": "minecraft:brown_mushroom_block",
				"count": 1
			}
		}
	}
}