{
	"type": "origins:multiple",
	"back": {
		"type": "origins:resource",
		"min": 0,
		"max": 3,
		"hud_render": {
			"should_render": false
		}
	},
	"backdecay": {
		"type": "origins:action_over_time",
		"entity_action": {
			"type": "origins:change_resource",
			"resource": "*:*_back",
			"change": -1
		},
		"interval": 1,
		"condition": {
			"type": "origins:resource",
			"resource": "*:*_back",
			"comparison": ">",
			"compare_to": 0
		}
	},
	"backkey": {
		"type": "origins:active_self",
		"entity_action": {
			"type": "origins:change_resource",
			"resource": "*:*_back",
			"change": 2
		},
		"cooldown": 1,
		"hud_render": {
			"should_render": false
		},
		"key": {
			"key": "key.back",
			"continuous": true
		}
	},
	"right": {
		"type": "origins:resource",
		"min": 0,
		"max": 3,
		"hud_render": {
			"should_render": false
		}
	},
	"rightdecay": {
		"type": "origins:action_over_time",
		"entity_action": {
			"type": "origins:change_resource",
			"resource": "*:*_right",
			"change": -1
		},
		"interval": 1,
		"condition": {
			"type": "origins:resource",
			"resource": "*:*_right",
			"comparison": ">",
			"compare_to": 0
		}
	},
	"rightkey": {
		"type": "origins:active_self",
		"entity_action": {
			"type": "origins:change_resource",
			"resource": "*:*_right",
			"change": 2
		},
		"cooldown": 1,
		"hud_render": {
			"should_render": false
		},
		"key": {
			"key": "key.right",
			"continuous": true
		}
	},
	"forward": {
		"type": "origins:resource",
		"min": 0,
		"max": 3,
		"hud_render": {
			"should_render": false
		}
	},
	"forwarddecay": {
		"type": "origins:action_over_time",
		"entity_action": {
			"type": "origins:change_resource",
			"resource": "*:*_forward",
			"change": -1
		},
		"interval": 1,
		"condition": {
			"type": "origins:resource",
			"resource": "*:*_forward",
			"comparison": ">",
			"compare_to": 0
		}
	},
	"forwardkey": {
		"type": "origins:active_self",
		"entity_action": {
			"type": "origins:change_resource",
			"resource": "*:*_forward",
			"change": 2
		},
		"cooldown": 1,
		"hud_render": {
			"should_render": false
		},
		"key": {
			"key": "key.forward",
			"continuous": true
		}
	},
	"left": {
		"type": "origins:resource",
		"min": 0,
		"max": 3,
		"hud_render": {
			"should_render": false
		}
	},
	"leftdecay": {
		"type": "origins:action_over_time",
		"entity_action": {
			"type": "origins:change_resource",
			"resource": "*:*_left",
			"change": -1
		},
		"interval": 1,
		"condition": {
			"type": "origins:resource",
			"resource": "*:*_left",
			"comparison": ">",
			"compare_to": 0
		}
	},
	"leftkey": {
		"type": "origins:active_self",
		"entity_action": {
			"type": "origins:change_resource",
			"resource": "*:*_left",
			"change": 2
		},
		"cooldown": 1,
		"hud_render": {
			"should_render": false
		},
		"key": {
			"key": "key.left",
			"continuous": true
		}
	},
	"middash": {
		"type": "origins:resource",
		"min": 0,
		"max": 4,
		"hud_render": {
			"should_render": false
		}
	},
	"velocity": {
		"type": "origins:modify_velocity",
		"modifier": {
			"value": 0.2,
			"operation": "multiply_total"
		},
		"condition": {
			"type": "origins:resource",
			"resource": "*:*_middash",
			"comparison": ">",
			"compare_to": 0
		},
		"axes": [
			"y"
		]
	},
	"block_press": {
		"type": "origins:phasing",
		"blacklist": false,
		"render_type": "none",
		"view_distance": 10,
		"block_condition": {
			"type": "origins:in_tag",
			"tag": "minecraft:pressure_plates"
		},
		"condition": {
			"type": "origins:resource",
			"resource": "*:*_middash",
			"comparison": ">",
			"compare_to": 0
		}
	},
	"collision": {
		"type": "origins:prevent_entity_collision",
		"condition": {
			"type": "origins:resource",
			"resource": "*:*_middash",
			"comparison": ">",
			"compare_to": 0
		}
	},
	"particles_mid": {
		"type": "origins:action_over_time",
		"entity_action": {
			"type": "origins:and",
			"actions": [
				{
					"type": "origins:execute_command",
					"command": "execute at @s run particle minecraft:enchant ~ ~1 ~ 0.1 0.2 0.1 1.2 7 force",
					"permission_level": 4
				},
				{
					"type": "origins:execute_command",
					"command": "particle minecraft:crimson_spore ~ ~1 ~ 0.15 0.5 0.15 1 5 force",
					"permission_level": 4
				}
			]
		},
		"interval": 1,
		"condition": {
			"type": "origins:resource",
			"resource": "*:*_middash",
			"comparison": ">",
			"compare_to": 0
		}
	},
	"invisbar": {
		"type": "origins:cooldown",
		"cooldown": 8,
		"hud_render": {
			"should_render": false,
			"bar_index": 3
		}
	},
	"invisbar2": {
		"type": "origins:cooldown",
		"cooldown": 4,
		"hud_render": {
			"should_render": false,
			"bar_index": 3
		}
	},
	"invis": {
		"type": "origins:invisibility",
		"render_armor": false,
		"condition": {
			"type": "origins:or",
			"conditions": [
				{
					"type": "origins:resource",
					"resource": "*:*_invisbar",
					"comparison": ">",
					"compare_to": 0
				},
				{
					"type": "origins:resource",
					"resource": "*:*_invisbar2",
					"comparison": ">",
					"compare_to": 0
				}
			]
		}
	},
	"no_attacker": {
		"type": "origins:invulnerability",
		"damage_condition": {
			"type": "origins:name",
			"name": "mob"
		},
		"condition": {
			"type": "origins:resource",
			"resource": "*:*_middash",
			"comparison": ">",
			"compare_to": 0
		}
	},
	"no_damage": {
		"type": "origins:modify_damage_taken",
		"modifier": {
			"operation": "multiply_total",
			"value": -1
		},
		"condition": {
			"type": "origins:resource",
			"resource": "*:*_middash",
			"comparison": ">",
			"compare_to": 0
		}
	},
	"dash": {
		"type": "origins:active_self",
		"entity_action": {
			"type": "origins:and",
			"actions": [
				{
					"type": "origins:if_else_list",
					"actions": [
						{
							"condition": {
								"type": "origins:and",
								"conditions": [
									{
										"type": "origins:resource",
										"resource": "*:*_right",
										"comparison": "<",
										"compare_to": 2
									},
									{
										"type": "origins:resource",
										"resource": "*:*_left",
										"comparison": "<",
										"compare_to": 2
									},
									{
										"type": "origins:resource",
										"resource": "*:*_back",
										"comparison": "<",
										"compare_to": 2
									}
								]
							},
							"action": {
								"type": "origins:and",
								"actions": [
									{
										"type": "origins:add_velocity",
										"space": "local_horizontal_normalized",
										"z": 0.8
									},
									{
										"type": "origins:delay",
										"ticks": 2,
										"action": {
											"type": "origins:add_velocity",
											"space": "local_horizontal_normalized",
											"set": true,
											"z": 0.4
										}
									}
								]
							}
						},
						{
							"condition": {
								"type": "origins:and",
								"conditions": [
									{
										"type": "origins:resource",
										"resource": "*:*_right",
										"comparison": "<",
										"compare_to": 2
									},
									{
										"type": "origins:resource",
										"resource": "*:*_left",
										"comparison": "<",
										"compare_to": 2
									},
									{
										"type": "origins:resource",
										"resource": "*:*_forward",
										"comparison": "<",
										"compare_to": 2
									}
								]
							},
							"action": {
								"type": "origins:and",
								"actions": [
									{
										"type": "origins:add_velocity",
										"space": "local_horizontal_normalized",
										"z": -0.8
									},
									{
										"type": "origins:delay",
										"ticks": 2,
										"action": {
											"type": "origins:add_velocity",
											"space": "local_horizontal_normalized",
											"set": true,
											"z": -0.4
										}
									}
								]
							}
						},
						{
							"condition": {
								"type": "origins:and",
								"conditions": [
									{
										"type": "origins:resource",
										"resource": "*:*_right",
										"comparison": "<",
										"compare_to": 2
									},
									{
										"type": "origins:resource",
										"resource": "*:*_forward",
										"comparison": "<",
										"compare_to": 2
									},
									{
										"type": "origins:resource",
										"resource": "*:*_back",
										"comparison": "<",
										"compare_to": 2
									}
								]
							},
							"action": {
								"type": "origins:and",
								"actions": [
									{
										"type": "origins:add_velocity",
										"space": "local_horizontal_normalized",
										"x": 0.8
									},
									{
										"type": "origins:delay",
										"ticks": 2,
										"action": {
											"type": "origins:add_velocity",
											"space": "local_horizontal_normalized",
											"set": true,
											"x": 0.4
										}
									}
								]
							}
						},
						{
							"condition": {
								"type": "origins:and",
								"conditions": [
									{
										"type": "origins:resource",
										"resource": "*:*_forward",
										"comparison": "<",
										"compare_to": 2
									},
									{
										"type": "origins:resource",
										"resource": "*:*_left",
										"comparison": "<",
										"compare_to": 2
									},
									{
										"type": "origins:resource",
										"resource": "*:*_back",
										"comparison": "<",
										"compare_to": 2
									}
								]
							},
							"action": {
								"type": "origins:and",
								"actions": [
									{
										"type": "origins:add_velocity",
										"space": "local_horizontal_normalized",
										"x": -0.8
									},
									{
										"type": "origins:delay",
										"ticks": 2,
										"action": {
											"type": "origins:add_velocity",
											"space": "local_horizontal_normalized",
											"set": true,
											"x": -0.4
										}
									}
								]
							}
						},
						{
							"condition": {
								"type": "origins:and",
								"conditions": [
									{
										"type": "origins:resource",
										"resource": "*:*_forward",
										"comparison": ">",
										"compare_to": 1
									},
									{
										"type": "origins:resource",
										"resource": "*:*_right",
										"comparison": ">",
										"compare_to": 1
									},
									{
										"type": "origins:resource",
										"resource": "*:*_left",
										"comparison": "<",
										"compare_to": 2
									},
									{
										"type": "origins:resource",
										"resource": "*:*_back",
										"comparison": "<",
										"compare_to": 2
									}
								]
							},
							"action": {
								"type": "origins:and",
								"actions": [
									{
										"type": "origins:add_velocity",
										"space": "local_horizontal_normalized",
										"z": 0.6,
										"x": -0.6
									},
									{
										"type": "origins:delay",
										"ticks": 2,
										"action": {
											"type": "origins:add_velocity",
											"space": "local_horizontal_normalized",
											"set": true,
											"z": 0.28,
											"x": -0.28
										}
									}
								]
							}
						},
						{
							"condition": {
								"type": "origins:and",
								"conditions": [
									{
										"type": "origins:resource",
										"resource": "*:*_forward",
										"comparison": "<",
										"compare_to": 2
									},
									{
										"type": "origins:resource",
										"resource": "*:*_right",
										"comparison": ">",
										"compare_to": 1
									},
									{
										"type": "origins:resource",
										"resource": "*:*_left",
										"comparison": "<",
										"compare_to": 2
									},
									{
										"type": "origins:resource",
										"resource": "*:*_back",
										"comparison": ">",
										"compare_to": 1
									}
								]
							},
							"action": {
								"type": "origins:and",
								"actions": [
									{
										"type": "origins:add_velocity",
										"space": "local_horizontal_normalized",
										"z": -0.6,
										"x": -0.6
									},
									{
										"type": "origins:delay",
										"ticks": 2,
										"action": {
											"type": "origins:add_velocity",
											"space": "local_horizontal_normalized",
											"set": true,
											"z": -0.28,
											"x": -0.28
										}
									}
								]
							}
						},
						{
							"condition": {
								"type": "origins:and",
								"conditions": [
									{
										"type": "origins:resource",
										"resource": "*:*_forward",
										"comparison": "<",
										"compare_to": 2
									},
									{
										"type": "origins:resource",
										"resource": "*:*_right",
										"comparison": "<",
										"compare_to": 2
									},
									{
										"type": "origins:resource",
										"resource": "*:*_left",
										"comparison": ">",
										"compare_to": 1
									},
									{
										"type": "origins:resource",
										"resource": "*:*_back",
										"comparison": ">",
										"compare_to": 1
									}
								]
							},
							"action": {
								"type": "origins:and",
								"actions": [
									{
										"type": "origins:add_velocity",
										"space": "local_horizontal_normalized",
										"z": -0.6,
										"x": 0.6
									},
									{
										"type": "origins:delay",
										"ticks": 2,
										"action": {
											"type": "origins:add_velocity",
											"space": "local_horizontal_normalized",
											"set": true,
											"z": -0.28,
											"x": 0.28
										}
									}
								]
							}
						},
						{
							"condition": {
								"type": "origins:and",
								"conditions": [
									{
										"type": "origins:resource",
										"resource": "*:*_forward",
										"comparison": ">",
										"compare_to": 1
									},
									{
										"type": "origins:resource",
										"resource": "*:*_right",
										"comparison": "<",
										"compare_to": 2
									},
									{
										"type": "origins:resource",
										"resource": "*:*_left",
										"comparison": ">",
										"compare_to": 1
									},
									{
										"type": "origins:resource",
										"resource": "*:*_back",
										"comparison": "<",
										"compare_to": 2
									}
								]
							},
							"action": {
								"type": "origins:and",
								"actions": [
									{
										"type": "origins:add_velocity",
										"space": "local_horizontal_normalized",
										"z": 0.6,
										"x": 0.6
									},
									{
										"type": "origins:delay",
										"ticks": 2,
										"action": {
											"type": "origins:add_velocity",
											"space": "local_horizontal_normalized",
											"set": true,
											"z": 0.28,
											"x": 0.28
										}
									}
								]
							}
						},
						{
							"condition": {
								"type": "origins:and",
								"conditions": [
									{
										"type": "origins:resource",
										"resource": "*:*_right",
										"comparison": ">",
										"compare_to": 0
									},
									{
										"type": "origins:resource",
										"resource": "*:*_back",
										"comparison": ">",
										"compare_to": 0
									}
								]
							},
							"action": {
								"type": "origins:and",
								"actions": [
									{
										"type": "origins:add_velocity",
										"space": "local_horizontal_normalized",
										"z": -0.6,
										"x": -0.6
									},
									{
										"type": "origins:delay",
										"ticks": 2,
										"action": {
											"type": "origins:add_velocity",
											"space": "local_horizontal_normalized",
											"set": true,
											"z": -0.28,
											"x": -0.28
										}
									}
								]
							}
						}
					]
				},
				{
					"type": "origins:set_fall_distance",
					"fall_distance": 0
				}
			]
		},
		"condition": {
			"type": "origins:and",
			"conditions": [
				{
					"type": "origins:or",
					"conditions": [
						{
							"type": "origins:on_block"
						},
						{
							"type": "origins:fluid_height",
							"fluid": "minecraft:water",
							"comparison": "!=",
							"compare_to": 0
						},
						{
							"type": "origins:fluid_height",
							"fluid": "minecraft:lava",
							"comparison": "!=",
							"compare_to": 0
						}
					]
				},
				{
					"type": "origins:resource",
					"resource": "fungal_mage:fungus",
					"comparison": ">=",
					"compare_to": 10
				}
			]
		},
		"key": {
			"key": "key.origins.primary_active"
		},
		"cooldown": 40,
		"hud_render": {
			"should_render": true,
			"sprite_location": "origins:textures/gui/community/spiderkolo/resource_bar_03.png",
			"bar_index": 23
		}
	},
	"particles": {
		"type": "origins:active_self",
		"entity_action": {
			"type": "origins:and",
			"actions": [
				{
					"type": "origins:execute_command",
					"command": "execute at @s run particle minecraft:falling_dust red_mushroom_block ~ ~ ~ 1 1 1 0.1 100",
					"permission_level": 4
				},
				{
					"type": "origins:execute_command",
					"command": "execute at @s run particle minecraft:falling_dust brown_mushroom_block ~ ~ ~ 1 1 1 0.1 100",
					"permission_level": 4
				},
				{
					"type": "origins:play_sound",
					"sound": "minecraft:entity.witch.throw",
					"pitch": 1.05,
					"volume": 0.73
				},
				{
					"type": "origins:play_sound",
					"sound": "minecraft:block.sculk_shrieker.step",
					"pitch": 1.42,
					"volume": 0.87
				},
				{
					"type": "origins:play_sound",
					"sound": "minecraft:entity.ender_eye.death",
					"pitch": 1.58,
					"volume": 0.36
				},
				{
					"type": "origins:trigger_cooldown",
					"power": "*:*_invisbar"
				},
				{
					"type": "origins:change_resource",
					"resource": "*:*_middash",
					"change": 4
				},
				{
					"type": "origins:delay",
					"ticks": 8,
					"action": {
						"type": "origins:execute_command",
						"command": "execute at @s run particle minecraft:falling_dust red_mushroom_block ~ ~ ~ 1 1 1 0.1 100",
						"permission_level": 4
					}
				},
				{
					"type": "origins:delay",
					"ticks": 8,
					"action": {
						"type": "origins:execute_command",
						"command": "execute at @s run particle minecraft:falling_dust brown_mushroom_block ~ ~ ~ 1 1 1 0.1 100",
						"permission_level": 4
					}
				},
				{
					"type": "origins:delay",
					"ticks": 8,
					"action": {
						"type": "origins:change_resource",
						"resource": "*:*_middash",
						"change": -4
					}
				},
				{
					"type": "origins:delay",
					"ticks": 3,
					"action": {
						"type": "origins:extinguish"
					}
				},
				{
					"type": "origins:execute_command",
					"command": "resource change @s fungal_mage:fungus -10"
				}
			]
		},
		"condition": {
			"type": "origins:and",
			"conditions": [
				{
					"type": "origins:or",
					"conditions": [
						{
							"type": "origins:on_block"
						},
						{
							"type": "origins:fluid_height",
							"fluid": "minecraft:water",
							"comparison": "!=",
							"compare_to": 0
						},
						{
							"type": "origins:fluid_height",
							"fluid": "minecraft:lava",
							"comparison": "!=",
							"compare_to": 0
						}
					]
				},
				{
					"type": "origins:resource",
					"resource": "fungal_mage:fungus",
					"comparison": ">=",
					"compare_to": 10
				}
			]
		},
		"key": {
			"key": "key.origins.primary_active"
		},
		"cooldown": 40,
		"hud_render": {
			"should_render": false
		}
	},
	"name": "Dash",
	"description": "You can enter a veil of magic, throwing you forwards and making you invulnerable, invisible and unable activate pressure plates.\nCost: 10 Fungus Mana",
	"badges": [
		{
			"sprite": "origins:textures/gui/badge/active.png",
			"text": "Activate with Primary while on the ground."
		},
		{
			"sprite": "minecraft:textures/item/feather.png",
			"text": "You become immune to fall damage if falling from a height of 5 blocks or less, or crouching. However, you must have Fungus Mana."
		}
	]
}