{
    "hidden": true,
    "type": "origins:multiple",
    "res": {
        "type": "origins:cooldown",
        "cooldown": 40,
        "hud_render": {
            "should_render": false,
            "bar_index": 3
        }
    },
    "hit": {
        "type": "origins:self_action_when_hit",
        "entity_action": {
            "type": "origins:and",
            "actions": [
                {
                    "type": "origins:change_resource",
                    "resource": "fungal_mage:fungus",
                    "change": -60
                },
                {
                    "type": "origins:trigger_cooldown",
                    "power": "fungal_mage:drain_res"
                },
                {
                    "type": "origins:execute_command",
                    "command": "title @s actionbar {\"text\":\"Fungus Mana regen disabled  for 3 seconds!\",\"color\":\"red\",\"bold\":true,\"italic\":false}"
                },
                {
                    "type": "origins:execute_command",
                    "command": "particle minecraft:falling_dust crimson_fungus ~ ~ ~ -0.4 0.9 -0.4 1 3"
                },
                {
                    "type": "origins:execute_command",
                    "command": "particle minecraft:falling_dust red_mushroom_block ~ ~ ~ -0.3 0.9 -0.3 1 4"
                },
                {
                    "type": "origins:execute_command",
                    "command": "particle minecraft:dust_color_transition 0.875 0.012 0.090 1 0.475 0.012 0.047 ~ ~ ~ 0.5 1.4 0.5 1 20"
                },
                {
                    "type": "origins:execute_command",
                    "command": "particle minecraft:enchant ~ ~ ~ -0.3 0.9 -0.3 1 25"
                },
                {
                    "type": "origins:play_sound",
                    "sound": "minecraft:entity.elder_guardian.hurt",
                    "volume": 1,
                    "pitch": 1.9
                },
                {
                    "type": "origins:play_sound",
                    "sound": "minecraft:entity.vex.death",
                    "volume": 0.63,
                    "pitch": 1.71
                },
                {
                    "type": "origins:play_sound",
                    "sound": "minecraft:entity.phantom.hurt",
                    "volume": 0.57,
                    "pitch": 1.71
                },
                {
                    "type": "origins:play_sound",
                    "sound": "minecraft:entity.endermite.step",
                    "volume": 1,
                    "pitch": 0.89
                },
                {
                    "type": "origins:play_sound",
                    "sound": "minecraft:entity.zombie_villager.converted",
                    "volume": 0.60,
                    "pitch": 2
                },
                {
                    "type": "origins:execute_command",
                    "command": "advancement grant @s only fungal_mage:drainage"
                }
            ]
        },
        "damage_condition": {
            "type": "origins:and",
            "conditions": [
                {
                    "type": "origins:amount",
                    "comparison": ">=",
                    "compare_to": 2.0
                },
                {
                    "type": "origins:name",
                    "name": "fall",
                    "inverted": true
                },
                {
                    "type": "origins:name",
                    "name": "cactus",
                    "inverted": true
                },
                {
                    "type": "origins:name",
                    "name": "stalagmite",
                    "inverted": true
                },
                {
                    "type": "origins:name",
                    "name": "inWall",
                    "inverted": true
                },
                {
                    "type": "origins:name",
                    "name": "arrow",
                    "inverted": true
                }
            ]
        },
        "cooldown": 20,
        "condition": {
            "type": "origins:and",
            "conditions": [
                {
                    "type": "origins:resource",
                    "resource": "fungal_mage:fungus",
                    "comparison": ">",
                    "compare_to": 0
                },
                {
                    "type": "origins:resource",
                    "resource": "fungal_mage:relics/clock_res",
                    "comparison": "==",
                    "compare_to": 0
                }
            ]
        }
    },
    "peaceful": {
        "type": "origins:self_action_on_hit",
        "entity_action": {
            "type": "origins:and",
            "actions": [
                {
                    "type": "origins:change_resource",
                    "resource": "fungal_mage:fungus",
                    "change": -60
                },
                {
                    "type": "origins:trigger_cooldown",
                    "power": "fungal_mage:drain_res"
                },
                {
                    "type": "origins:execute_command",
                    "command": "title @s actionbar {\"text\":\"Fungus Mana regen disabled  for 3 seconds!\",\"color\":\"red\",\"bold\":true,\"italic\":false}"
                },
                {
                    "type": "origins:execute_command",
                    "command": "advancement grant @s only fungal_mage:peacekeeper"
                }
            ]
        },
        "damage_condition": {
            "type": "origins:amount",
            "comparison": ">=",
            "compare_to": 2.0
        },
        "cooldown": 20,
        "hud_render": {
            "should_render": false
        },
        "condition": {
            "type": "origins:and",
            "conditions": [
                {
                    "type": "origins:resource",
                    "resource": "fungal_mage:fungus",
                    "comparison": ">",
                    "compare_to": 0
                },
                {
                    "type": "origins:resource",
                    "resource": "fungal_mage:relics/clock_res",
                    "comparison": "==",
                    "compare_to": 0
                }
            ]
        }
    },
    "target": {
        "type": "origins:target_action_on_hit",
        "entity_action": {
            "type": "origins:and",
            "actions": [
                {
                    "type": "origins:execute_command",
                    "command": "particle minecraft:falling_dust crimson_fungus ~ ~ ~ -0.4 0.9 -0.4 1 3"
                },
                {
                    "type": "origins:execute_command",
                    "command": "particle minecraft:falling_dust red_mushroom_block ~ ~ ~ -0.3 0.9 -0.3 1 4"
                },
                {
                    "type": "origins:execute_command",
                    "command": "particle minecraft:dust_color_transition 0.875 0.012 0.090 1 0.475 0.012 0.047 ~ ~ ~ 0.5 1.4 0.5 1 20"
                },
                {
                    "type": "origins:execute_command",
                    "command": "particle minecraft:enchant ~ ~ ~ -0.3 0.9 -0.3 1 25"
                },
                {
                    "type": "origins:play_sound",
                    "sound": "minecraft:entity.elder_guardian.hurt",
                    "volume": 1,
                    "pitch": 1.9
                },
                {
                    "type": "origins:play_sound",
                    "sound": "minecraft:entity.vex.death",
                    "volume": 0.63,
                    "pitch": 1.71
                },
                {
                    "type": "origins:play_sound",
                    "sound": "minecraft:entity.phantom.hurt",
                    "volume": 0.57,
                    "pitch": 1.71
                },
                {
                    "type": "origins:play_sound",
                    "sound": "minecraft:entity.endermite.step",
                    "volume": 1,
                    "pitch": 0.89
                },
                {
                    "type": "origins:play_sound",
                    "sound": "minecraft:entity.zombie_villager.converted",
                    "volume": 0.60,
                    "pitch": 2
                }
            ]
        },
        "cooldown": 0,
        "hud_render": {
            "should_render": false
        },
        "condition": {
            "type": "origins:and",
            "conditions": [
                {
                    "type": "origins:resource",
                    "resource": "fungal_mage:fungus",
                    "comparison": ">",
                    "compare_to": 0
                },
                {
                    "type": "origins:resource",
                    "resource": "fungal_mage:relics/clock_res",
                    "comparison": "==",
                    "compare_to": 0
                }
            ]
        }
    }
}