{
  "name": "Magical Essence",
  "description": "You are naturally protected from fire and poison, as long as you have Fungus Mana.",
  "type": "origins:multiple",
  "fall": {
    "type": "origins:invulnerability",
    "damage_condition": {
      "type": "origins:name",
      "name": "fall"
    },
    "condition": {
      "type": "origins:and",
      "conditions": [
        {
          "type": "origins:resource",
          "resource": "fungal_mage:fungus",
          "comparison": ">",
          "compare_to": 0
        },
        {
          "type": "origins:or",
          "conditions": [
            {
              "type": "origins:fall_distance",
              "comparison": "<=",
              "compare_to": 5
            },
            {
              "type": "origins:sneaking"
            }
          ]
        }
      ]
    }
  },
  "bush": {
    "type": "origins:invulnerability",
    "damage_condition": {
      "type": "origins:name",
      "name": "sweetBerryBush"
    }
  },
  "fire": {
    "type": "origins:fire_immunity",
    "condition": {
      "type": "origins:resource",
      "resource": "fungal_mage:fungus",
      "comparison": ">",
      "compare_to": 0
    }
  },
  "poison": {
    "type": "origins:effect_immunity",
    "effect": "minecraft:poison",
    "condition": {
      "type": "origins:resource",
      "resource": "fungal_mage:fungus",
      "comparison": ">",
      "compare_to": 0
    }
  },
  "landfx": {
    "type": "origins:action_on_land",
    "entity_action": {
      "type": "origins:and",
      "actions": [
        {
          "type": "origins:execute_command",
          "command": "particle minecraft:falling_dust red_mushroom_block ~ ~ ~ 0.6 -0.4 0.6 1 20"
        },
        {
          "type": "origins:execute_command",
          "command": "particle minecraft:enchant ~ ~ ~ 0.6 -0.4 0.6 0 20"
        },
        {
          "type": "origins:execute_command",
          "command": "particle minecraft:falling_dust crimson_planks ~ ~ ~ 0.6 -0.4 0.6 0 20"
        }
      ]
    },
    "condition": {
      "type": "origins:and",
      "conditions": [
        {
          "type": "origins:sneaking"
        },
        {
          "type": "origins:fall_distance",
          "comparison": ">=",
          "compare_to": 4
        },
        {
          "type": "origins:resource",
          "resource": "fungal_mage:fungus",
          "comparison": ">",
          "compare_to": 0
        }
      ]
    }
  }
}