{
    "name": "Fungus Mana",
    "description": "The mystic aura that all fungi contain. You can harness it and use it as magic energy, but without it, you are powerless. Gain Fungus Mana by standing on mycelium. warped nylium, or crimson nylium.",
    "badges": [
        {
            "sprite": "origins:textures/gui/badge/info.png",
            "text": "Having any Fungus Mana at all will give you a speed boost (but when its empty you will be slower), and when your bar is full, you will be saturated."
        },
        {
            "sprite": "minecraft:textures/mob_effect/wither.png",
            "text": "Being damaged for 1 heart or more will drain 60 Fungus Mana, and you will be unable to regain any for 3 seconds. Dealing 1 heart or more of damage to an entity will trigger this same effect."
        },
        {
            "sprite": "minecraft:textures/block/warped_fungus.png",
            "text": "You can consume mushrooms or fungi to quickly gain Fungus Mana while traveling."
        },
        {
            "sprite": "minecraft:textures/mob_effect/regeneration.png",
            "text": "While your Fungus Mana is full you will heal half a heart and 1 hunger shank every 2 seconds."
        },
        {
            "sprite": "minecraft:textures/item/bone_meal.png",
            "text": "You can turn dirts/grasses into mycelium and netherrack into crimson nylium by right clicking them with an open hand at the cost of hunger."
        }
    ],
    "type": "origins:resource",
    "min": 0,
    "max": 300,
    "hud_render": {
        "sprite_location": "origins:textures/gui/community/spiderkolo/resource_bar_01.png",
        "bar_index": 8
    },
    "min_action": {
        "type": "origins:and",
        "actions": [
            {
                "type": "origins:execute_command",
                "command": "particle minecraft:enchant ~ ~0.9 ~ 0.25 0.4 0.25 1 100 normal"
            },
            {
                "type": "origins:execute_command",
                "command": "particle minecraft:mycelium ~ ~0.9 ~ 0.25 0.4 0.25 1 100 normal"
            },
            {
                "type": "origins:execute_command",
                "command": "execute as @s run playsound minecraft:entity.wither.death ambient @s ~ ~ ~ 1 2"
            }
        ]
    },
    "max_action": {
        "type": "origins:and",
        "actions": [
            {
                "type": "origins:feed",
                "food": 4,
                "saturation": 4
            },
            {
                "type": "origins:execute_command",
                "command": "particle minecraft:enchant ~ ~0.9 ~ 0.25 0.4 0.25 1 100 normal"
            },
            {
                "type": "origins:execute_command",
                "command": "particle minecraft:mycelium ~ ~0.9 ~ 0.25 0.4 0.25 1 100 normal"
            },
            {
                "type": "origins:execute_command",
                "command": "execute as @s run playsound minecraft:entity.mooshroom.convert player @s ~ ~ ~ 1 2"
            },
            {
                "type": "origins:execute_command",
                "command": "execute as @s run playsound minecraft:block.brewing_stand.brew player @s ~ ~ ~ 1 2"
            }
        ]
    }
}