{
	"name": "Gaia's Frequency",
	"description": "You have mastered the way of the earth, allowing you to mine red and brown mushroom blocks when sneaking as if you had silk touch.",
	"type": "origins:multiple",
	"brown": {
		"condition": {
			"type": "origins:sneaking"
		},
		"type": "origins:action_on_block_break",
		"block_action": {
			"type": "origins:execute_command",
			"command": "summon minecraft:item ~ ~0.5 ~ {Item:{id:\"minecraft:brown_mushroom_block\",Count:1}}"
		},
		"block_condition": {
			"type": "origins:block",
			"block": "minecraft:brown_mushroom_block"
		},
		"only_when_harvested": false
	},
	"red": {
		"condition": {
			"type": "origins:sneaking"
		},
		"type": "origins:action_on_block_break",
		"block_action": {
			"type": "origins:execute_command",
			"command": "summon minecraft:item ~ ~0.5 ~ {Item:{id:\"minecraft:red_mushroom_block\",Count:1}}"
		},
		"block_condition": {
			"type": "origins:block",
			"block": "minecraft:red_mushroom_block"
		},
		"only_when_harvested": false
	}
}