{
	"name": "Bioluminescence",
	"description": "You glow to other players when in a light level of 0.",
	"type": "origins:self_glow",
	"use_teams": false,
	"red": 0.3,
	"green": 0.0,
	"blue": 0.1,
	"condition": {
		"type": "origins:and",
		"conditions": [
			{
				"type": "origins:in_block",
				"block_condition": {
					"type": "origins:light_level",
					"light_type": "block",
					"comparison": "<=",
					"compare_to": 0
				}
			},
			{
				"type": "origins:or",
				"conditions": [
					{
						"type": "origins:daytime",
						"inverted": true
					},
					{
						"type": "origins:in_block",
						"block_condition": {
							"type": "origins:light_level",
							"light_type": "sky",
							"comparison": "<=",
							"compare_to": 0
						}
					}
				]
			}
		]
	}
}