{
  "type": "origins:multiple",
  "activating_jump": {
    "type": "origins:active_self",
    "key": {
      "key": "key.origins.primary_active"
    },
    "cooldown": 15,
    "hud_render": {
      "should_render": false
    },
    "condition": {
      "type": "origins:and",
      "conditions": [
        {
          "type": "origins:on_block",
          "inverted": true
        },
        {
          "type": "origins:resource",
          "resource": "fungal_mage:fungus",
          "comparison": ">=",
          "compare_to": 10
        },
        {
          "type": "origins:fluid_height",
          "fluid": "minecraft:water",
          "comparison": "==",
          "compare_to": 0
        },
        {
          "type": "origins:gamemode",
          "gamemode": "creative",
          "inverted": true
        },
        {
          "type": "origins:gamemode",
          "gamemode": "spectator",
          "inverted": true
        },
        {
          "type": "origins:fall_flying",
          "inverted": true
        },
        {
          "type": "origins:fluid_height",
          "fluid": "minecraft:lava",
          "comparison": "==",
          "compare_to": 0
        }
      ]
    },
    "entity_action": {
      "type": "origins:and",
      "actions": [
        {
          "type": "origins:add_velocity",
          "set": true,
          "y": 0.3
        },
        {
          "type": "origins:add_velocity",
          "space": "local",
          "z": 0.7
        },
        {
          "type": "origins:play_sound",
          "sound": "minecraft:entity.illusioner.prepare_mirror",
          "volume": 0.63,
          "pitch": 1.93
        },
        {
          "type": "origins:play_sound",
          "sound": "minecraft:block.wool.break",
          "volume": 0.86,
          "pitch": 0.50
        },
        {
          "type": "origins:play_sound",
          "sound": "minecraft:block.amethyst_block.chime",
          "volume": 0.81,
          "pitch": 1.93
        },
        {
          "type": "origins:execute_command",
          "command": "resource change @s fungal_mage:fungus -10"
        },
        {
          "type": "origins:execute_command",
          "command": "execute at @s run particle minecraft:crimson_spore ~ ~ ~ 0.3 0 0.3 0 100"
        },
        {
          "type": "origins:execute_command",
          "command": "execute at @s run particle minecraft:falling_dust red_mushroom_block ~ ~0.4 ~ 0.4 0.4 0.4 1 25"
        },
        {
          "type": "origins:execute_command",
          "command": "execute at @s run particle minecraft:enchant ~ ~ ~ 0.3 0 0.3 0.2 100"
        },
        {
          "type": "origins:execute_command",
          "command": "execute at @s run particle minecraft:campfire_cosy_smoke ~ ~ ~ 0.3 0 0.3 0 100"
        },
        {
          "type": "origins:execute_command",
          "command": "advancement grant @s only fungal_mage:spore_clouds"
        },
        {
          "type": "origins:set_fall_distance",
          "fall_distance": 0
        }
      ]
    }
  },
  "no_rocket": {
    "type": "origins:prevent_item_use",
    "item_condition": {
      "type": "origins:ingredient",
      "ingredient": {
        "item": "minecraft:firework_rocket"
      }
    },
    "condition": {
      "type": "origins:fall_flying"
    }
  },
  "name": "Fungal Hop",
  "description": "You can summon clouds below you and hop on them. \nCost: 10 Fungus Mana",
  "badges": [
    {
      "sprite": "origins:textures/gui/badge/active.png",
      "text": "Activate with %s."
    },
    {
      "sprite": "minecraft:textures/item/elytra.png",
      "text": "You can use similar magic to boost yourself while gliding with an elytra, but you cannot use fireworks to assist flight. \nCost: 20 Fungus Mana"
    },
    {
      "sprite": "minecraft:textures/item/spectral_arrow.png",
      "text": "You can also stop yourself mid flight, by crouching and pressing %s when gliding. \nCost: 5 Fungus Mana"
    }
  ]
}