{
	"hidden": true,
	"type": "origins:action_on_block_use",
	"block_condition": {
		"type": "origins:and",
		"conditions": [
			{
				"type": "origins:in_tag",
				"tag": "minecraft:dirt"
			},
			{
				"type": "origins:block",
				"block": "minecraft:mycelium",
				"inverted": true
			}
		]
	},
	"item_condition": {
		"type": "origins:empty"
	},
	"hands": [
		"main_hand"
	],
	"condition": {
		"type": "origins:food_level",
		"comparison": ">",
		"compare_to": 0
	},
	"block_action": {
		"type": "origins:set_block",
		"block": "minecraft:mycelium"
	},
	"entity_action": {
		"type": "origins:and",
		"actions": [
			{
				"type": "origins:exhaust",
				"amount": 20
			},
			{
				"type": "origins:play_sound",
				"sound": "minecraft:entity.illusioner.cast_spell",
				"volume": 1,
				"pitch": 2
			},
			{
				"type": "origins:play_sound",
				"sound": "minecraft:entity.zombie_villager.cure",
				"volume": 1,
				"pitch": 2
			},
			{
				"type": "origins:play_sound",
				"sound": "minecraft:entity.zombie.infect",
				"volume": 1,
				"pitch": 2
			},
			{
				"type": "origins:execute_command",
				"command": "execute at @s anchored eyes run particle minecraft:falling_dust red_mushroom_block ^ ^ ^1.5 0.5 0.1 0.5 0.5 5"
			},
			{
				"type": "origins:execute_command",
				"command": "execute at @s anchored eyes run particle minecraft:mycelium ^ ^ ^1.5 0.5 0.1 0.5 0.5 5"
			},
			{
				"type": "origins:execute_command",
				"command": "execute at @s anchored eyes run particle minecraft:enchant ^ ^ ^1.5 0.5 0.1 0.5 0.5 5"
			}
		]
	}
}