{
	"name": "Shroom Stature",
	"description": "You have only 8 hearts, because you care little for your physical form. You will be reduced to 6 when without Fungus Mana. Berry bushes will not puncture your fungal skin.",
	"badges": [
		{
			"sprite": "minecraft:textures/block/red_mushroom.png",
			"text": "You enhance your eyes with magic. You have night vision as long as you have Fungus Mana."
		}
	],
	"type": "origins:multiple",
	"hearts": {
		"type": "origins:attribute",
		"modifiers": [
			{
				"attribute": "minecraft:generic.max_health",
				"operation": "addition",
				"value": -4
			}
		]
	},
	"heartsmana": {
		"type": "origins:conditioned_attribute",
		"modifier": {
			"attribute": "minecraft:generic.max_health",
			"operation": "addition",
			"value": -4
		},
		"condition": {
			"type": "origins:resource",
			"resource": "fungal_mage:fungus",
			"comparison": "==",
			"compare_to": 0
		}
	},
	"sight": {
		"type": "origins:night_vision",
		"strength": 1,
		"condition": {
			"type": "origins:resource",
			"resource": "fungal_mage:fungus",
			"comparison": ">",
			"compare_to": 0
		}
	},
	"water": {
		"type": "origins:modify_swim_speed",
		"modifier": {
			"operation": "addition",
			"value": 0.03
		},
		"condition": {
			"type": "origins:equipped_item",
			"equipment_slot": "feet",
			"item_condition": {
				"type": "origins:enchantment",
				"enchantment": "minecraft:depth_strider",
				"comparison": ">",
				"compare_to": 0
			}
		}
	},
	"lava": {
		"type": "origins:lava_vision",
		"s": 0,
		"v": 15
	},
	"lava_slow": {
		"type": "origins:modify_swim_speed",
		"modifier": {
			"operation": "addition",
			"value": -0.05
		},
		"condition": {
			"type": "origins:in_block",
			"block_condition": {
				"type": "origins:block",
				"block": "minecraft:lava"
			}
		}
	},
	"lava_swim": {
		"type": "origins:swimming",
		"condition": {
			"type": "origins:and",
			"conditions": [
				{
					"type": "origins:equipped_item",
					"equipment_slot": "feet",
					"item_condition": {
						"type": "origins:enchantment",
						"enchantment": "minecraft:depth_strider",
						"comparison": ">",
						"compare_to": 0
					}
				},
				{
					"type": "origins:in_block",
					"block_condition": {
						"type": "origins:block",
						"block": "minecraft:lava"
					}
				}
			]
		}
	}
}