{
    "type": "origins:multiple",
    "gain": {
        "type": "origins:action_over_time",
        "entity_action": {
            "type": "origins:and",
            "actions": [
                {
                    "type": "origins:change_resource",
                    "resource": "fungal_mage:fungus",
                    "change": 35
                },
                {
                    "type": "origins:execute_command",
                    "command": "advancement grant @s only fungal_mage:absorption"
                },
                {
                    "type": "origins:execute_command",
                    "command": "particle minecraft:mycelium ~ ~ ~ 1 1 1 2 20 normal"
                },
                {
                    "type": "origins:execute_command",
                    "command": "particle minecraft:crimson_spore ~ ~ ~ 1 1 1 2 20 normal"
                },
                {
                    "type": "origins:execute_command",
                    "command": "particle minecraft:enchant ~ ~ ~ 0.1 1 0.1 2 20 normal"
                }
            ]
        },
        "condition": {
            "type": "origins:and",
            "conditions": [
                {
                    "type": "origins:resource",
                    "resource": "fungal_mage:fungus",
                    "comparison": "<",
                    "compare_to": 300
                },
                {
                    "type": "origins:resource",
                    "resource": "fungal_mage:drain_res",
                    "comparison": "==",
                    "compare_to": 0
                },
                {
                    "type": "origins:or",
                    "conditions": [
                        {
                            "type": "origins:on_block",
                            "block_condition": {
                                "type": "origins:in_tag",
                                "tag": "fungal_mage:fungusmana"
                            }
                        },
                        {
                            "type": "origins:equipped_item",
                            "equipment_slot": "mainhand",
                            "item_condition": {
                                "type": "origins:nbt",
                                "nbt": "{Unbreakable:1,AttributeModifiers:[{AttributeName:\"generic.attack_damage\",Amount:14,Slot:mainhand,Name:\"generic.attack_damage\",UUID:[I;-12306,3270,181039,-6540]},{AttributeName:\"generic.attack_speed\",Amount:-2.5,Slot:mainhand,Name:\"generic.attack_speed\",UUID:[I;-12306,3370,181039,-6740]}],display:{Name:'[{\"text\":\"Spectral Spore\",\"italic\":false,\"color\":\"#99ff00\"}]',Lore:['[{\"text\":\"A Glave forge by Mycelius himself,\"}]','[{\"text\":\"it radiates pure Fungus Mana.\",\"italic\":true}]']},Enchantments:[{id:knockback,lvl:2},{id:looting,lvl:3},{id:sweeping,lvl:3}],HideFlags:5} 1"
                            }
                        },
                        {
                            "type": "origins:equipped_item",
                            "equipment_slot": "offhand",
                            "item_condition": {
                                "type": "origins:nbt",
                                "nbt": "{Unbreakable:1,AttributeModifiers:[{AttributeName:\"generic.attack_damage\",Amount:14,Slot:mainhand,Name:\"generic.attack_damage\",UUID:[I;-12306,3270,181039,-6540]},{AttributeName:\"generic.attack_speed\",Amount:-2.5,Slot:mainhand,Name:\"generic.attack_speed\",UUID:[I;-12306,3370,181039,-6740]}],display:{Name:'[{\"text\":\"Spectral Spore\",\"italic\":false,\"color\":\"#99ff00\"}]',Lore:['[{\"text\":\"A Glave forge by Mycelius himself,\"}]','[{\"text\":\"it radiates pure Fungus Mana.\",\"italic\":true}]']},Enchantments:[{id:knockback,lvl:2},{id:looting,lvl:3},{id:sweeping,lvl:3}],HideFlags:5} 1"
                            }
                        }
                    ]
                }
            ]
        },
        "interval": 15
    },
    "heal": {
        "type": "origins:action_over_time",
        "entity_action": {
            "type": "origins:and",
            "actions": [
                {
                    "type": "origins:heal",
                    "amount": 1
                },
                {
                    "type": "origins:feed",
                    "food": 2,
                    "saturation": 2
                }
            ]
        },
        "interval": 40,
        "condition": {
            "type": "origins:resource",
            "resource": "fungal_mage:fungus",
            "comparison": "==",
            "compare_to": 300
        }
    },
    "hidden": true
}