{
  "hidden": true,
  "type": "origins:multiple",
  "mycelium": {
    "type": "origins:particle",
    "particle": {
      "type": "minecraft:mycelium"
    },
    "frequency": 5,
    "condition": {
      "type": "origins:invisible",
      "inverted": true
    }
  },
  "enchant": {
    "type": "origins:particle",
    "particle": {
      "type": "minecraft:enchant"
    },
    "frequency": 5,
    "condition": {
      "type": "origins:and",
      "conditions": [
        {
          "type": "origins:invisible",
          "inverted": true
        },
        {
          "type": "origins:resource",
          "resource": "fungal_mage:fungus",
          "comparison": ">",
          "compare_to": 0
        }
      ]
    }
  },
  "dust": {
    "type": "origins:particle",
    "particle": {
      "type": "minecraft:falling_dust",
      "params": "red_mushroom_block"
    },
    "frequency": 4,
    "condition": {
      "type": "origins:and",
      "conditions": [
        {
          "type": "origins:invisible",
          "inverted": true
        },
        {
          "type": "origins:resource",
          "resource": "fungal_mage:fungus",
          "comparison": ">=",
          "compare_to": 250
        }
      ]
    }
  }
}