{
	"name": "Sporous Relocation",
	"description": "You can channel and condense warped spores into a magical laser, infusing them with magic. You will be teleported where they land, or where the laser stops.\nCost: 20 Fungus Mana",
	"badges": [
		{
			"sprite": "origins:textures/gui/badge/active.png",
			"text": "Activate with %s."
		}
	],
	"type": "origins:active_self",
	"entity_action": {
		"type": "origins:and",
		"actions": [
			{
				"type": "origins:execute_command",
				"command": "resource change @s fungal_mage:fungus -20"
			},
			{
				"type": "origins:raycast",
				"distance": 10,
				"block": true,
				"entity": true,
				"shape_type": "visual",
				"fluid_handling": "none",
				"hit_action": {
					"type": "origins:and",
					"actions": [
						{
							"type": "origins:execute_command",
							"command": "particle minecraft:crimson_spore ~ ~ ~ 1 1 1 0.1 100"
						},
						{
							"type": "origins:execute_command",
							"command": "particle minecraft:enchant ~ ~ ~ 0.1 1 0.1 1 100"
						},
						{
							"type": "origins:execute_command",
							"command": "particle minecraft:flash ~ ~ ~ 1 1 1 0.1 25"
						},
						{
							"type": "origins:execute_command",
							"command": "particle minecraft:falling_dust red_mushroom_block ~ ~ ~ 1 1 1 0.1 100"
						},
						{
							"type": "origins:execute_command",
							"command": "particle minecraft:falling_dust warped_wart_block ~ ~ ~ 1 1 1 0.1 100"
						}
					]
				},
				"miss_action": {
					"type": "origins:and",
					"actions": [
						{
							"type": "origins:execute_command",
							"command": "execute anchored eyes run tp @s ^ ^ ^10"
						},
						{
							"type": "origins:execute_command",
							"command": "particle minecraft:crimson_spore ~ ~ ~ 1 1 1 0.1 100"
						},
						{
							"type": "origins:execute_command",
							"command": "particle minecraft:enchant ~ ~ ~ 0.1 1 0.1 1 100"
						},
						{
							"type": "origins:execute_command",
							"command": "particle minecraft:flash ~ ~ ~ 1 1 1 0.1 25"
						},
						{
							"type": "origins:execute_command",
							"command": "particle minecraft:falling_dust red_mushroom_block ~ ~ ~ 1 1 1 0.1 100"
						},
						{
							"type": "origins:execute_command",
							"command": "particle minecraft:falling_dust warped_wart_block ~ ~ ~ 1 1 1 0.1 100"
						}
					]
				},
				"command_at_hit": "tp @s ~ ~ ~",
				"command_along_ray": "function fungal_mage:particles",
				"command_step": 1
			},
			{
				"type": "origins:play_sound",
				"sound": "minecraft:entity.illusioner.mirror_move",
				"volume": 0.88,
				"pitch": 1.45
			},
			{
				"type": "origins:play_sound",
				"sound": "minecraft:block.ender_chest.close",
				"volume": 0.75,
				"pitch": 2
			},
			{
				"type": "origins:play_sound",
				"sound": "minecraft:entity.enderman.teleport",
				"volume": 0.63,
				"pitch": 0.64
			},
			{
				"type": "origins:set_fall_distance",
				"fall_distance": 0
			},
			{
				"type": "origins:execute_command",
				"command": "advancement grant @s only fungal_mage:sporecaster"
			},
			{
				"type": "origins:trigger_cooldown",
				"power": "*:dash_invisbar2"
			}
		]
	},
	"condition": {
		"type": "origins:resource",
		"resource": "fungal_mage:fungus",
		"comparison": ">=",
		"compare_to": 10
	},
	"cooldown": 20,
	"hud_render": {
		"should_render": false
	},
	"key": {
		"key": "key.origins.secondary_active",
		"continuous": true
	}
}