{
    "type": "origins:multiple",
    "hidden": true,
    "res": {
        "type": "origins:resource",
        "min": 0,
        "max": 30,
        "start_value": 0,
        "hud_render": {
            "should_render": false
        },
        "max_action": {
            "type": "origins:and",
            "actions": [
                {
                    "type": "origins:execute_command",
                    "command": "particle minecraft:mycelium ~ ~ ~ 1 1 1 2 20 normal"
                },
                {
                    "type": "origins:execute_command",
                    "command": "particle minecraft:crimson_spore ~ ~ ~ 1 1 1 2 20 normal"
                },
                {
                    "type": "origins:execute_command",
                    "command": "particle minecraft:enchant ~ ~ ~ 0.1 1 0.1 2 20 normal"
                },
                {
                    "type": "origins:execute_command",
                    "command": "playsound minecraft:entity.husk.converted_to_zombie player @a[distance=0..8] ~ ~ ~ 1 2"
                },
                {
                    "type": "origins:execute_command",
                    "command": "playsound minecraft:block.enchantment_table.use player @a[distance=0..8] ~ ~ ~ 1 2"
                },
                {
                    "type": "origins:equipped_item_action",
                    "equipment_slot": "offhand",
                    "action": {
                        "type": "origins:consume"
                    }
                },
                {
                    "type": "origins:execute_command",
                    "command": "advancement grant @s only fungal_mage:replenish"
                },
                {
                    "type": "origins:change_resource",
                    "resource": "fungal_mage:fungus",
                    "change": 30
                },
                {
                    "type": "origins:change_resource",
                    "resource": "*:*_res",
                    "change": 0,
                    "operation": "set"
                }
            ]
        }
    },
    "0": {
        "condition": {
            "type": "origins:or",
            "conditions": [
                {
                    "type": "origins:equipped_item",
                    "equipment_slot": "offhand",
                    "item_condition": {
                        "type": "origins:and",
                        "conditions": [
                            {
                                "type": "origins:ingredient",
                                "ingredient": {
                                    "type": "origins:in_tag",
                                    "tag": "fungal_mage:consume"
                                }
                            },
                            {
                                "type": "origins:nbt",
                                "nbt": "{display:{Name:'[{\"text\":\"Magi Mushroom\",\"italic\":false,\"color\":\"#cc0033\"}]',Lore:['[{\"text\":\"A catalyst of mana,\",\"italic\":false}]','[{\"text\":\"unable to be consumed\",\"italic\":false}]','[{\"text\":\"but instead able to be\",\"italic\":false}]','[{\"text\":\"fused with items.\",\"italic\":false}]']},Enchantments:[{}]}",
                                "inverted": true
                            }
                        ]
                    }
                }
            ]
        },
        "type": "origins:active_self",
        "entity_action": {
            "type": "origins:and",
            "actions": [
                {
                    "type": "origins:change_resource",
                    "resource": "*:*_res",
                    "change": 0,
                    "operation": "set"
                }
            ]
        },
        "cooldown": 1,
        "hud_render": {
            "should_render": false
        },
        "key": {
            "key": "key.use"
        }
    },
    "grow": {
        "condition": {
            "type": "origins:or",
            "conditions": [
                {
                    "type": "origins:equipped_item",
                    "equipment_slot": "offhand",
                    "item_condition": {
                        "type": "origins:and",
                        "conditions": [
                            {
                                "type": "origins:ingredient",
                                "ingredient": {
                                    "type": "origins:in_tag",
                                    "tag": "fungal_mage:consume"
                                }
                            },
                            {
                                "type": "origins:nbt",
                                "nbt": "{display:{Name:'[{\"text\":\"Magi Mushroom\",\"italic\":false,\"color\":\"#cc0033\"}]',Lore:['[{\"text\":\"A catalyst of mana,\",\"italic\":false}]','[{\"text\":\"unable to be consumed\",\"italic\":false}]','[{\"text\":\"but instead able to be\",\"italic\":false}]','[{\"text\":\"fused with items.\",\"italic\":false}]']},Enchantments:[{}]}",
                                "inverted": true
                            }
                        ]
                    }
                }
            ]
        },
        "type": "origins:active_self",
        "entity_action": {
            "type": "origins:and",
            "actions": [
                {
                    "type": "origins:change_resource",
                    "resource": "*:*_res",
                    "change": 3
                }
            ]
        },
        "cooldown": 1,
        "hud_render": {
            "should_render": false
        },
        "key": {
            "key": "key.use",
            "continuous": true
        }
    },
    "particle": {
        "condition": {
            "type": "origins:and",
            "conditions": [
                {
                    "type": "origins:or",
                    "conditions": [
                        {
                            "type": "origins:equipped_item",
                            "equipment_slot": "offhand",
                            "item_condition": {
                                "type": "origins:and",
                                "conditions": [
                                    {
                                        "type": "origins:ingredient",
                                        "ingredient": {
                                            "type": "origins:in_tag",
                                            "tag": "fungal_mage:consume"
                                        }
                                    },
                                    {
                                        "type": "origins:nbt",
                                        "nbt": "{display:{Name:'[{\"text\":\"Magi Mushroom\",\"italic\":false,\"color\":\"#cc0033\"}]',Lore:['[{\"text\":\"A catalyst of mana,\",\"italic\":false}]','[{\"text\":\"unable to be consumed\",\"italic\":false}]','[{\"text\":\"but instead able to be\",\"italic\":false}]','[{\"text\":\"fused with items.\",\"italic\":false}]']},Enchantments:[{}]}",
                                        "inverted": true
                                    }
                                ]
                            }
                        }
                    ]
                },
                {
                    "type": "origins:resource",
                    "resource": "fungal_mage:fungus",
                    "comparison": "<",
                    "compare_to": 300
                }
            ]
        },
        "type": "origins:active_self",
        "entity_action": {
            "type": "origins:and",
            "actions": [
                {
                    "type": "origins:execute_command",
                    "command": "playsound minecraft:entity.generic.eat player @a[distance=0..8] ~ ~ ~ 1 1"
                },
                {
                    "type": "origins:apply_effect",
                    "effect": {
                        "effect": "minecraft:slowness",
                        "duration": 5,
                        "show_particles": false,
                        "amplifier": 1,
                        "show_icon": false
                    }
                }
            ]
        },
        "cooldown": 4,
        "hud_render": {
            "should_render": false
        },
        "key": {
            "key": "key.use",
            "continuous": true
        }
    },
    "restrict": {
        "condition": {
            "type": "origins:and",
            "conditions": [
                {
                    "type": "origins:resource",
                    "resource": "fungal_mage:fungus",
                    "comparison": "==",
                    "compare_to": 300
                },
                {
                    "inverted": true,
                    "type": "origins:gamemode",
                    "gamemode": "creative"
                },
                {
                    "inverted": true,
                    "type": "origins:sneaking"
                }
            ]
        },
        "type": "origins:action_over_time",
        "interval": 2,
        "entity_action": {
            "type": "origins:set_resource",
            "resource": "*:*_res",
            "value": 0
        }
    }
}