{
  "hidden": true,
  "type": "origins:multiple",
  "forward": {
    "type": "origins:active_self",
    "entity_action": {
      "type": "origins:riding_action",
      "action": {
        "type": "origins:and",
        "actions": [
          {
            "type": "origins:execute_command",
            "command": "data modify entity @s Rotation[0] set from entity @p Rotation[0]"
          },
          {
            "type": "origins:execute_command",
            "command": "data modify entity @s Motion[0] set from entity @p Motion[0]"
          },
          {
            "type": "origins:if_else",
            "condition": {
              "type": "origins:or",
              "conditions": [
                {
                  "type": "origins:on_block"
                },
                {
                  "type": "origins:fluid_height",
                  "comparison": ">=",
                  "compare_to": 0,
                  "fluid": "minecraft:water"
                },
                {
                  "type": "origins:fluid_height",
                  "comparison": ">=",
                  "compare_to": 0,
                  "fluid": "minecraft:lava"
                }
              ]
            },
            "if_action": {
              "type": "origins:add_velocity",
              "z": 0.1,
              "space": "local_horizontal_normalized"
            },
            "else_action": {
              "type": "origins:add_velocity",
              "z": 0.015,
              "space": "local_horizontal_normalized"
            }
          }
        ]
      }
    },
    "key": {
      "key": "key.forward",
      "continuous": true
    },
    "condition": {
      "type": "origins:riding",
      "bientity_condition": {
        "type": "origins:target_condition",
        "condition": {
          "type": "origins:entity_type",
          "entity_type": "minecraft:mooshroom"
        }
      }
    }
  },
  "left": {
    "type": "origins:active_self",
    "entity_action": {
      "type": "origins:riding_action",
      "action": {
        "type": "origins:and",
        "actions": [
          {
            "type": "origins:execute_command",
            "command": "data modify entity @s Rotation[0] set from entity @p Rotation[0]"
          },
          {
            "type": "origins:execute_command",
            "command": "data modify entity @s Motion[0] set from entity @p Motion[0]"
          },
          {
            "type": "origins:if_else",
            "condition": {
              "type": "origins:or",
              "conditions": [
                {
                  "type": "origins:on_block"
                },
                {
                  "type": "origins:fluid_height",
                  "comparison": ">=",
                  "compare_to": 0,
                  "fluid": "minecraft:water"
                },
                {
                  "type": "origins:fluid_height",
                  "comparison": ">=",
                  "compare_to": 0,
                  "fluid": "minecraft:lava"
                }
              ]
            },
            "if_action": {
              "type": "origins:add_velocity",
              "x": 0.1,
              "space": "local_horizontal_normalized"
            },
            "else_action": {
              "type": "origins:add_velocity",
              "x": 0.003,
              "space": "local_horizontal_normalized"
            }
          }
        ]
      }
    },
    "key": {
      "key": "key.left",
      "continuous": true
    },
    "condition": {
      "type": "origins:riding",
      "bientity_condition": {
        "type": "origins:target_condition",
        "condition": {
          "type": "origins:entity_type",
          "entity_type": "minecraft:mooshroom"
        }
      }
    }
  },
  "back": {
    "type": "origins:active_self",
    "entity_action": {
      "type": "origins:riding_action",
      "action": {
        "type": "origins:and",
        "actions": [
          {
            "type": "origins:execute_command",
            "command": "data modify entity @s Rotation[0] set from entity @p Rotation[0]"
          },
          {
            "type": "origins:execute_command",
            "command": "data modify entity @s Motion[0] set from entity @p Motion[0]"
          },
          {
            "type": "origins:if_else",
            "condition": {
              "type": "origins:or",
              "conditions": [
                {
                  "type": "origins:on_block"
                },
                {
                  "type": "origins:fluid_height",
                  "comparison": ">=",
                  "compare_to": 0,
                  "fluid": "minecraft:water"
                },
                {
                  "type": "origins:fluid_height",
                  "comparison": ">=",
                  "compare_to": 0,
                  "fluid": "minecraft:lava"
                }
              ]
            },
            "if_action": {
              "type": "origins:add_velocity",
              "z": -0.1,
              "space": "local_horizontal_normalized"
            },
            "else_action": {
              "type": "origins:add_velocity",
              "z": -0.003,
              "space": "local_horizontal_normalized"
            }
          }
        ]
      }
    },
    "key": {
      "key": "key.back",
      "continuous": true
    },
    "condition": {
      "type": "origins:riding",
      "bientity_condition": {
        "type": "origins:target_condition",
        "condition": {
          "type": "origins:entity_type",
          "entity_type": "minecraft:mooshroom"
        }
      }
    }
  },
  "right": {
    "type": "origins:active_self",
    "entity_action": {
      "type": "origins:riding_action",
      "action": {
        "type": "origins:and",
        "actions": [
          {
            "type": "origins:execute_command",
            "command": "data modify entity @s Rotation[0] set from entity @p Rotation[0]"
          },
          {
            "type": "origins:execute_command",
            "command": "data modify entity @s Motion[0] set from entity @p Motion[0]"
          },
          {
            "type": "origins:if_else",
            "condition": {
              "type": "origins:or",
              "conditions": [
                {
                  "type": "origins:on_block"
                },
                {
                  "type": "origins:fluid_height",
                  "comparison": ">=",
                  "compare_to": 0,
                  "fluid": "minecraft:water"
                },
                {
                  "type": "origins:fluid_height",
                  "comparison": ">=",
                  "compare_to": 0,
                  "fluid": "minecraft:lava"
                }
              ]
            },
            "if_action": {
              "type": "origins:add_velocity",
              "x": -0.1,
              "space": "local_horizontal_normalized"
            },
            "else_action": {
              "type": "origins:add_velocity",
              "x": -0.003,
              "space": "local_horizontal_normalized"
            }
          }
        ]
      }
    },
    "key": {
      "key": "key.right",
      "continuous": true
    },
    "condition": {
      "type": "origins:riding",
      "bientity_condition": {
        "type": "origins:target_condition",
        "condition": {
          "type": "origins:entity_type",
          "entity_type": "minecraft:mooshroom"
        }
      }
    }
  },
  "fall": {
    "type": "origins:active_self",
    "entity_action": {
      "type": "origins:riding_action",
      "action": {
        "type": "origins:and",
        "actions": [
          {
            "type": "origins:execute_command",
            "command": "data modify entity @s Rotation[0] set from entity @p Rotation[0]"
          },
          {
            "type": "origins:execute_command",
            "command": "data modify entity @s Motion[0] set from entity @p Motion[0]"
          },
          {
            "type": "origins:add_velocity",
            "y": -0.15,
            "space": "local"
          }
        ]
      }
    },
    "key": {
      "key": "key.origins.secondary_active",
      "continuous": true
    },
    "condition": {
      "type": "origins:riding",
      "bientity_condition": {
        "type": "origins:target_condition",
        "condition": {
          "type": "origins:entity_type",
          "entity_type": "minecraft:mooshroom"
        }
      }
    }
  },
  "jump": {
    "type": "origins:active_self",
    "entity_action": {
      "type": "origins:riding_action",
      "action": {
        "type": "origins:and",
        "actions": [
          {
            "type": "origins:execute_command",
            "command": "data modify entity @s Rotation[0] set from entity @p Rotation[0]"
          },
          {
            "type": "origins:execute_command",
            "command": "data modify entity @s Motion[0] set from entity @p Motion[0]"
          },
          {
            "type": "origins:add_velocity",
            "y": 0.66,
            "space": "local"
          }
        ]
      }
    },
    "key": {
      "key": "key.jump"
    },
    "cooldown": 20,
    "condition": {
      "type": "origins:riding",
      "bientity_condition": {
        "type": "origins:target_condition",
        "condition": {
          "type": "origins:entity_type",
          "entity_type": "minecraft:mooshroom"
        }
      }
    }
  },
  "mount": {
    "type": "origins:action_on_entity_use",
    "bientity_action": {
      "type": "origins:and",
      "actions": [
        {
          "type": "origins:mount"
        },
        {
          "type": "origins:actor_action",
          "action": {
            "type": "origins:execute_command",
            "command": "advancement grant @s only fungal_mage:giddy_up"
          }
        },
        {
          "type": "origins:target_action",
          "action": {
            "type": "origins:and",
            "actions": [
              {
                "type": "origins:execute_command",
                "command": "tag @s add mounted.z"
              },
              {
                "type": "origins:execute_command",
                "command": "tag @s add mooshroommount"
              }
            ]
          }
        }
      ]
    },
    "bientity_condition": {
      "type": "origins:and",
      "conditions": [
        {
          "type": "origins:distance",
          "comparison": "<=",
          "compare_to": 5
        },
        {
          "type": "origins:target_condition",
          "condition": {
            "type": "origins:and",
            "conditions": [
              {
                "type": "origins:entity_type",
                "entity_type": "minecraft:mooshroom"
              }
            ]
          }
        }
      ]
    },
    "item_condition": {
      "type": "origins:empty"
    },
    "hands": [
      "main_hand"
    ]
  },
  "reset": {
    "type": "origins:action_over_time",
    "interval": 20,
    "entity_action": {
      "type": "origins:and",
      "actions": [
        {
          "type": "origins:execute_command",
          "command": "tag @e[tag=mounted.z,limit=1,sort=nearest] remove mounted.z"
        }
      ]
    },
    "condition": {
      "type": "origins:riding",
      "inverted": true
    }
  },
  "grant": {
    "type": "origins:action_over_time",
    "interval": 1,
    "entity_action": {
      "type": "origins:and",
      "actions": [
        {
          "type": "origins:execute_command",
          "command": "power grant @e[tag=mooshroommount] fungal_mage:poison_resistance"
        },
        {
          "type": "origins:execute_command",
          "command": "power grant @e[tag=mooshroommount] fungal_mage:fall_immunity"
        },
        {
          "type": "origins:execute_command",
          "command": "power grant @e[tag=mooshroommount] fungal_mage:glowy"
        }
      ]
    }
  }
}