{
	"hidden": true,
	"type": "origins:multiple",
	"speed": {
		"type": "origins:conditioned_attribute",
		"modifier": {
			"attribute": "minecraft:generic.movement_speed",
			"value": 0.45,
			"operation": "multiply_total"
		},
		"condition": {
			"type": "origins:resource",
			"resource": "fungal_mage:fungus",
			"comparison": ">",
			"compare_to": 0
		}
	},
	"slow":{
		"type": "origins:conditioned_attribute",
		"modifier": {
			"attribute": "minecraft:generic.movement_speed",
			"value": -0.45,
			"operation": "multiply_total"
		},
		"condition": {
			"type": "origins:resource",
			"resource": "fungal_mage:fungus",
			"comparison": "==",
			"compare_to": 0
		}
	}
}