{
    "hidden": true,
    "type": "origins:action_on_item_use",
    "entity_action": {
        "type": "origins:and",
        "actions": [
            {
                "type": "origins:change_resource",
                "resource": "fungal_mage:fungus",
                "change": 60
            },
            {
                "type": "origins:execute_command",
                "command": "advancement grant @s only fungal_mage:stew"
            }
        ]
    },
    "item_condition": {
        "type": "origins:ingredient",
        "ingredient": {
            "item": "minecraft:mushroom_stew"
        }
    }
}