{
    "type": "origins:multiple",
    "hidden": true,
    "make_honey_comb": {
        "type": "origins:item_on_item",
        "using_item_condition": {
            "type": "origins:nbt",
            "nbt": "{display:{Name:'[{\"text\":\"Magi Mushroom\",\"italic\":false,\"color\":\"#cc0033\"}]',Lore:['[{\"text\":\"A catalyst of mana,\",\"italic\":false}]','[{\"text\":\"unable to be consumed\",\"italic\":false}]','[{\"text\":\"but instead able to be\",\"italic\":false}]','[{\"text\":\"fused with items.\",\"italic\":false}]']},Enchantments:[{}]}"
        },
        "on_item_condition": {
            "type": "origins:ingredient",
            "ingredient": {
                "item": "minecraft:fire_charge"
            }
        },
        "result": {
            "item": "minecraft:fire_charge",
            "tag": "{display:{Name:'[{\"text\":\"Inferno Vortex\",\"italic\":false,\"color\":\"#f9900a\"}]',Lore:['[{\"text\":\"Engulfs the user\",\"italic\":false}]','[{\"text\":\"in flames, sending\",\"italic\":false}]','[{\"text\":\"them flying in the\",\"italic\":false}]','[{\"text\":\"direction they are\",\"italic\":false}]','[{\"text\":\"looking.\",\"italic\":false}]']},Enchantments:[{}]}"
        },
        "using_item_action": {
            "type": "origins:consume",
            "amount": 1
        },
        "on_item_action": {
            "type": "origins:consume",
            "amount": 1
        },
        "entity_action": {
            "type": "origins:and",
            "actions": [
                {
                    "type": "origins:execute_command",
                    "command": "particle minecraft:enchant ~ ~0.9 ~ 0.5 0.5 0.5 0.5 10 normal"
                },
                {
                    "type": "origins:play_sound",
                    "sound": "minecraft:block.enchantment_table.use",
                    "volume": 2,
                    "pitch": 0.6
                },
                {
                    "type": "origins:delay",
                    "ticks": 1,
                    "action": {
                        "type": "origins:play_sound",
                        "sound": "minecraft:item.trident.thunder",
                        "volume": 3,
                        "pitch": 0.75
                    }
                }
            ]
        }
    },
    "cd": {
        "type": "origins:cooldown",
        "cooldown": 40,
        "hud_render": {
            "should_render": true,
            "bar_index": 1,
            "sprite_location": "origins:textures/gui/community/huang/resource_bar_01.png"
        }
    },
    "active": {
        "type": "origins:active_self",
        "entity_action": {
            "type": "origins:and",
            "actions": [
                {
                    "type": "origins:trigger_cooldown",
                    "power": "*:*_cd"
                },
                {
                    "type": "origins:change_resource",
                    "resource": "fungal_mage:fungus",
                    "change": -100
                }
            ]
        },
        "cooldown": 400,
        "hud_render": {
            "should_render": true,
            "bar_index": 0,
            "sprite_location": "origins:textures/gui/community/huang/resource_bar_01.png"
        },
        "key": {
            "key": "key.use"
        },
        "condition": {
            "type": "origins:and",
            "conditions": [
                {
                    "type": "origins:resource",
                    "resource": "fungal_mage:fungus",
                    "comparison": ">",
                    "compare_to": 0
                },
                {
                    "type": "origins:equipped_item",
                    "equipment_slot": "mainhand",
                    "item_condition": {
                        "type": "origins:nbt",
                        "nbt": "{display:{Name:'[{\"text\":\"Inferno Vortex\",\"italic\":false,\"color\":\"#f9900a\"}]',Lore:['[{\"text\":\"Engulfs the user\",\"italic\":false}]','[{\"text\":\"in flames, sending\",\"italic\":false}]','[{\"text\":\"them flying in the\",\"italic\":false}]','[{\"text\":\"direction they are\",\"italic\":false}]','[{\"text\":\"looking.\",\"italic\":false}]']},Enchantments:[{}]}"
                    }
                }
            ]
        }
    },
    "invis": {
        "type": "origins:invisibility",
        "condition": {
            "type": "origins:resource",
            "resource": "*:*_cd",
            "compare_to": 0,
            "comparison": ">"
        },
        "render_armor": false
    },
    "trail": {
        "type": "origins:action_over_time",
        "interval": 1,
        "entity_action": {
            "type": "origins:and",
            "actions": [
                {
                    "type": "origins:execute_command",
                    "command": "function fungal_mage:inferno"
                },
                {
                    "type": "origins:add_velocity",
                    "z": 1,
                    "set": true,
                    "space": "local"
                }
            ]
        },
        "condition": {
            "type": "origins:resource",
            "resource": "*:*_cd",
            "compare_to": 0,
            "comparison": ">"
        }
    }
}