{
	"type": "origins:multiple",
	"hidden": true,
	"make_honey_comb": {
		"type": "origins:item_on_item",
		"using_item_condition": {
			"type": "origins:nbt",
			"nbt": "{display:{Name:'[{\"text\":\"Magi Mushroom\",\"italic\":false,\"color\":\"#cc0033\"}]',Lore:['[{\"text\":\"A catalyst of mana,\",\"italic\":false}]','[{\"text\":\"unable to be consumed\",\"italic\":false}]','[{\"text\":\"but instead able to be\",\"italic\":false}]','[{\"text\":\"fused with items.\",\"italic\":false}]']},Enchantments:[{}]}"
		},
		"on_item_condition": {
			"type": "origins:ingredient",
			"ingredient": {
				"item": "minecraft:heart_of_the_sea"
			}
		},
		"result": {
			"item": "minecraft:heart_of_the_sea",
			"tag": "{display:{Name:'[{\"text\":\"Poseidon Conduit\",\"italic\":false,\"color\":\"#009999\"}]',Lore:['[{\"text\":\"Supplies artificial\",\"italic\":false}]','[{\"text\":\"breath to the user,\",\"italic\":false}]','[{\"text\":\"at the cost of Fungus\",\"italic\":false}]','[{\"text\":\"Mana.\",\"italic\":false}]']},Enchantments:[{}]}"
		},
		"using_item_action": {
			"type": "origins:consume",
			"amount": 1
		},
		"on_item_action": {
			"type": "origins:consume",
			"amount": 1
		},
		"entity_action": {
			"type": "origins:and",
			"actions": [
				{
					"type": "origins:execute_command",
					"command": "particle minecraft:enchant ~ ~0.9 ~ 0.5 0.5 0.5 0.5 10 normal"
				},
				{
					"type": "origins:play_sound",
					"sound": "minecraft:block.enchantment_table.use",
					"volume": 2,
					"pitch": 0.6
				},
				{
					"type": "origins:delay",
					"ticks": 1,
					"action": {
						"type": "origins:play_sound",
						"sound": "minecraft:item.trident.thunder",
						"volume": 3,
						"pitch": 0.75
					}
				}
			]
		}
	},
	"heal": {
		"type": "origins:active_self",
		"entity_action": {
			"type": "origins:and",
			"actions": [
				{
					"type": "origins:apply_effect",
					"effect": {
						"effect": "minecraft:water_breathing",
						"duration": 200,
						"amplifier": 0,
						"is_ambient": true,
						"show_particles": false,
						"show_icon": true
					}
				},
				{
					"type": "origins:change_resource",
					"resource": "fungal_mage:fungus",
					"change": -50
				},
				{
					"type": "origins:execute_command",
					"command": "particle minecraft:falling_dust red_mushroom_block ~ ~ ~ -0.3 0.9 -0.3 1 4"
				},
				{
					"type": "origins:execute_command",
					"command": "particle minecraft:enchant ~ ~ ~ -0.3 0.9 -0.3 1 25"
				},
				{
					"type": "origins:play_sound",
					"sound": "minecraft:entity.zombie.converted_to_drowned",
					"volume": 1,
					"pitch": 0.78
				},
				{
					"type": "origins:play_sound",
					"sound": "minecraft:entity.elder_guardian.curse",
					"volume": 1,
					"pitch": 0.66
				}
			]
		},
		"cooldown": 100,
		"hud_render": {
			"should_render": false
		},
		"key": {
			"key": "key.use",
			"continuous": true
		},
		"condition": {
			"type": "origins:and",
			"conditions": [
				{
					"type": "origins:resource",
					"resource": "fungal_mage:fungus",
					"comparison": ">",
					"compare_to": 0
				},
				{
					"type": "origins:equipped_item",
					"equipment_slot": "mainhand",
					"item_condition": {
						"type": "origins:nbt",
						"nbt": "{display:{Name:'[{\"text\":\"Poseidon Conduit\",\"italic\":false,\"color\":\"#009999\"}]',Lore:['[{\"text\":\"Supplies artificial\",\"italic\":false}]','[{\"text\":\"breath to the user,\",\"italic\":false}]','[{\"text\":\"at the cost of Fungus\",\"italic\":false}]','[{\"text\":\"Mana.\",\"italic\":false}]']},Enchantments:[{}]}"
					}
				}
			]
		}
	}
}