{
	"type": "origins:multiple",
	"hidden": true,
	"make_honey_comb": {
		"type": "origins:item_on_item",
		"using_item_condition": {
			"type": "origins:ingredient",
			"ingredient": {
				"item": "minecraft:blaze_powder"
			}
		},
		"on_item_condition": {
			"type": "origins:ingredient",
			"ingredient": {
				"item": "minecraft:red_mushroom"
			}
		},
		"result": {
			"item": "minecraft:red_mushroom",
			"tag": "{display:{Name:'[{\"text\":\"Magi Mushroom\",\"italic\":false,\"color\":\"#cc0033\"}]',Lore:['[{\"text\":\"A catalyst of mana,\",\"italic\":false}]','[{\"text\":\"unable to be consumed\",\"italic\":false}]','[{\"text\":\"but instead able to be\",\"italic\":false}]','[{\"text\":\"fused with items.\",\"italic\":false}]']},Enchantments:[{}]}"
		},
		"using_item_action": {
			"type": "origins:consume",
			"amount": 1
		},
		"on_item_action": {
			"type": "origins:consume",
			"amount": 1
		},
		"entity_action": {
			"type": "origins:and",
			"actions": [
				{
					"type": "origins:execute_command",
					"command": "particle minecraft:enchant ~ ~0.9 ~ 0.5 0.5 0.5 0.5 10 normal"
				},
				{
					"type": "origins:play_sound",
					"sound": "minecraft:block.enchantment_table.use",
					"volume": 2,
					"pitch": 0.6
				},
				{
					"type": "origins:delay",
					"ticks": 1,
					"action": {
						"type": "origins:play_sound",
						"sound": "minecraft:item.trident.thunder",
						"volume": 3,
						"pitch": 0.75
					}
				}
			]
		}
	},
	"tooltip": {
		"type": "origins:tooltip",
		"item_condition": {
			"type": "origins:and",
			"conditions": [
				{
					"type": "origins:ingredient",
					"ingredient": {
						"item": "minecraft:clock"
					}
				},
				{
					"type": "origins:ingredient",
					"ingredient": {
						"item": "minecraft:honeycomb"
					}
				},
				{
					"type": "origins:ingredient",
					"ingredient": {
						"item": "minecraft:heart_of_the_sea"
					}
				},
				{
					"type": "origins:ingredient",
					"ingredient": {
						"item": "minecraft:nautilis_shell"
					}
				},
				{
					"type": "origins:ingredient",
					"ingredient": {
						"item": "minecraft:fire_charge"
					}
				}
			]
		},
		"text": "§c§oThis item can be infused with the Magi Mushroom."
	},
	"prevent": {
		"type": "origins:prevent_block_selection",
		"condition": {
			"type": "origins:or",
			"conditions": [
				{
					"type": "origins:equipped_item",
					"equipment_slot": "mainhand",
					"item_condition": {
						"type": "origins:nbt",
						"nbt": "{display:{Name:'[{\"text\":\"Magi Mushroom\",\"italic\":false,\"color\":\"#cc0033\"}]',Lore:['[{\"text\":\"A catalyst of mana,\",\"italic\":false}]','[{\"text\":\"unable to be consumed\",\"italic\":false}]','[{\"text\":\"but instead able to be\",\"italic\":false}]','[{\"text\":\"fused with items.\",\"italic\":false}]']},Enchantments:[{}]}"
					}
				},
				{
					"type": "origins:equipped_item",
					"equipment_slot": "offhand",
					"item_condition": {
						"type": "origins:nbt",
						"nbt": "{display:{Name:'[{\"text\":\"Magi Mushroom\",\"italic\":false,\"color\":\"#cc0033\"}]',Lore:['[{\"text\":\"A catalyst of mana,\",\"italic\":false}]','[{\"text\":\"unable to be consumed\",\"italic\":false}]','[{\"text\":\"but instead able to be\",\"italic\":false}]','[{\"text\":\"fused with items.\",\"italic\":false}]']},Enchantments:[{}]}"
					}
				},
				{
					"type": "origins:equipped_item",
					"equipment_slot": "offhand",
					"item_condition": {
						"type": "origins:nbt",
						"nbt": "{display:{Name:'[{\"text\":\"Inferno Vortex\",\"italic\":false,\"color\":\"#f9900a\"}]',Lore:['[{\"text\":\"Engulfs the user\",\"italic\":false}]','[{\"text\":\"in flames, sending\",\"italic\":false}]','[{\"text\":\"them flying in the\",\"italic\":false}]','[{\"text\":\"direction they are\",\"italic\":false}]','[{\"text\":\"looking.\",\"italic\":false}]']},Enchantments:[{}]}"
					}
				},
				{
					"type": "origins:equipped_item",
					"equipment_slot": "mainhand",
					"item_condition": {
						"type": "origins:nbt",
						"nbt": "{display:{Name:'[{\"text\":\"Inferno Vortex\",\"italic\":false,\"color\":\"#f9900a\"}]',Lore:['[{\"text\":\"Engulfs the user\",\"italic\":false}]','[{\"text\":\"in flames, sending\",\"italic\":false}]','[{\"text\":\"them flying in the\",\"italic\":false}]','[{\"text\":\"direction they are\",\"italic\":false}]','[{\"text\":\"looking.\",\"italic\":false}]']},Enchantments:[{}]}"
					}
				}
			]
		}
	}
}