{
	"name": "Fungal Infusion",
	"description": "You can fuse the Magi Mushroom with certain item, granting them power. Create the Magi Mushroom by right clicking blaze power atop red mushrooms in your inventory.",
	"badges": [
		{
			"sprite": "minecraft:textures/item/blaze_powder.png",
			"text": "Items that you can infuse will be common in either exploration or nature."
		},
		{
			"sprite": "minecraft:textures/item/barrier.png",
			"text": "Once items are fused, only Fungal Magi can use them."
		}
	],
	"type": "origins:simple"
}