{
  "hidden": true,
  "type": "origins:multiple",
  "running_on_empty": {
    "type": "origins:action_over_time",
    "entity_action": {
      "type": "origins:execute_command",
      "command": "advancement grant @s only fungal_mage:running_on_empty"
    },
    "interval": 1,
    "condition": {
      "type": "origins:and",
      "conditions": [
        {
          "type": "origins:sprinting"
        },
        {
          "type": "origins:resource",
          "resource": "fungal_mage:fungus",
          "comparison": "==",
          "compare_to": 0
        }
      ]
    }
  },
  "other_fungi": {
    "type": "origins:action_over_time",
    "entity_action": {
      "type": "origins:execute_command",
      "command": "advancement grant @s only fungal_mage:other_fungi"
    },
    "interval": 1,
    "condition": {
      "type": "origins:or",
      "conditions": [
        {
          "type": "origins:biome",
          "biome": "minecraft:crimson_forest"
        },
        {
          "type": "origins:biome",
          "biome": "minecraft:warped_forest"
        },
        {
          "type": "origins:biome",
          "biome": "lde_nether:fungal_forest"
        }
      ]
    }
  },
  "welcome_home": {
    "type": "origins:action_over_time",
    "entity_action": {
      "type": "origins:execute_command",
      "command": "advancement grant @s only fungal_mage:welcome_home"
    },
    "interval": 1,
    "condition": {
      "type": "origins:biome",
      "biome": "minecraft:mushroom_fields"
    }
  },
  "exhuasted_rest": {
    "type": "origins:action_on_wake_up",
    "entity_action": {
      "type": "origins:and",
      "actions": [
        {
          "type": "origins:execute_command",
          "command": "advancement grant @s only fungal_mage:exhausted_rest"
        }
      ]
    },
    "condition": {
      "type": "origins:and",
      "conditions": [
        {
          "type": "origins:food_level",
          "comparison": "<=",
          "compare_to": 6
        },
        {
          "type": "origins:resource",
          "resource": "fungal_mage:fungus",
          "comparison": "==",
          "compare_to": 0
        }
      ]
    }
  },
  "wind_catching_cloak": {
    "type": "origins:action_over_time",
    "entity_action": {
      "type": "origins:execute_command",
      "command": "advancement grant @s only fungal_mage:wind_catching_cloak"
    },
    "interval": 1,
    "condition": {
      "type": "origins:equipped_item",
      "equipment_slot": "chest",
      "item_condition": {
        "type": "origins:ingredient",
        "ingredient": {
          "item": "minecraft:elytra"
        }
      }
    }
  },
  "fruit": {
    "type": "origins:action_on_item_use",
    "entity_action": {
      "type": "origins:and",
      "actions": [
        {
          "type": "origins:execute_command",
          "command": "advancement grant @s only fungal_mage:offshoot"
        }
      ]
    },
    "item_condition": {
      "type": "origins:ingredient",
      "ingredient": {
        "item": "minecraft:chorus_fruit"
      }
    }
  },
  "enlarged_cap": {
    "type": "origins:action_over_time",
    "entity_action": {
      "type": "origins:execute_command",
      "command": "advancement grant @s only fungal_mage:enlarge_cap"
    },
    "interval": 1,
    "condition": {
      "type": "origins:status_effect",
      "effect": "minecraft:slow_falling"
    }
  },
  "inferior_steed": {
    "type": "origins:action_over_time",
    "entity_action": {
      "type": "origins:execute_command",
      "command": "advancement grant @s only fungal_mage:inferior_steed"
    },
    "interval": 1,
    "condition": {
      "type": "origins:riding",
      "bientity_condition": {
        "type": "origins:target_condition",
        "condition": {
          "type": "origins:entity_type",
          "entity_type": "minecraft:horse"
        }
      }
    }
  },
  "groggy_walker": {
    "type": "origins:action_over_time",
    "entity_action": {
      "type": "origins:execute_command",
      "command": "advancement grant @s only fungal_mage:groggy_walker"
    },
    "interval": 1,
    "condition": {
      "type": "origins:riding",
      "bientity_condition": {
        "type": "origins:target_condition",
        "condition": {
          "type": "origins:entity_type",
          "entity_type": "minecraft:strider"
        }
      }
    }
  }
}