{
  "replace": false,
  "values": [
    "minecraft:red_mushroom",
    "minecraft:brown_mushroom",
    "minecraft:warped_fungus",
    "minecraft:crimson_fungus",
    {
      "id": "biomemakeover:tall_red_mushroom",
      "required": false
    },
    {
      "id": "biomemakeover:tall_brown_mushroom",
      "required": false
    },
    {
      "id": "biomemakeover:wild_mushrooms",
      "required": false
    },
    {
      "id": "promenade:white_mushroom",
      "required": false
    },
    {
      "id": "promenade:light_gray_mushroom",
      "required": false
    },
    {
      "id": "promenade:gray_mushroom",
      "required": false
    },
    {
      "id": "promenade:black_mushroom",
      "required": false
    },
    {
      "id": "promenade:orange_mushroom",
      "required": false
    },
    {
      "id": "promenade:yellow_mushroom",
      "required": false
    },
    {
      "id": "promenade:lime_mushroom",
      "required": false
    },
    {
      "id": "promenade:green_mushroom",
      "required": false
    },
    {
      "id": "promenade:cyan_mushroom",
      "required": false
    },
    {
      "id": "promenade:light_blue_mushroom",
      "required": false
    },
    {
      "id": "promenade:blue_mushroom",
      "required": false
    },
    {
      "id": "promenade:purple_mushroom",
      "required": false
    },
    {
      "id": "promenade:magenta_mushroom",
      "required": false
    },
    {
      "id": "promenade:pink_mushroom",
      "required": false
    },
    {
      "id": "cinderscapes:umbral_fungus",
      "required": false
    },
    {
      "id": "enderscape:celestial_fungus",
      "required": false
    },
    {
      "id": "promenade:dark_amaranth_fungus",
      "required": false
    },
    {
      "id": "byg:sythian_fungus",
      "required": false
    },
    {
      "id": "byg:green_mushroom",
      "required": false
    },
    {
      "id": "byg:imparius_mushroom",
      "required": false
    },
    {
      "id": "byg:shulkren_fungus",
      "required": false
    },
    {
      "id": "betterend:small_amarantia_mushroom",
      "required": false
    },
    {
      "id": "betterend:bolux_mushroom",
      "required": false
    },
    {
      "id": "betternether:orange_mushroom",
      "required": false
    },
    {
      "id": "betternether:jellyfish_mushroom_sapling",
      "required": false
    },
    {
      "id": "edenring:balloon_mushroom_small",
      "required": false
    },
    {
      "id": "edenring:tall_balloon_mushroom",
      "required": false
    }
  ]
}