{
  "replace": false,
  "values": [
    "minecraft:mycelium",
    "minecraft:crimson_nylium",
    "minecraft:warped_nylium",
    {
      "id": "enderscape:celestial_mycelium_block",
      "required": false
    },
    {
      "id": "cinderscapes:umbral_nylium",
      "required": false
    },
    {
      "id": "betternether:nether_mycelium",
      "required": false
    },
    {
      "id": "betternether:mushroom_grass",
      "required": false
    },
    {
      "id": "betternether:sepia_mushroom_grass",
      "required": false
    },
    {
      "id": "byg:sythian_nylium",
      "required": false
    },
    {
      "id": "byg:wailing_nylium",
      "required": false
    },
    {
      "id": "byg:embur_nylium",
      "required": false
    },
    {
      "id": "byg:mycelium_netherrack",
      "required": false
    },
    {
      "id": "edenring:eden_mycelium",
      "required": false
    },
    {
      "id": "betterend:end_mycelium",
      "required": false
    },
    {
      "id": "betterend:end_mycelium_path",
      "required": false
    },
    {
      "id": "betterend:chorus_nylium",
      "required": false
    },
    {
      "id": "betterend:chorus_nylium_path",
      "required": false
    }
  ]
}